ISO-10303-21;
HEADER;
FILE_DESCRIPTION(('CATIA V5 STEP Exchange'),'2;1');

FILE_NAME('C:\\Users\\user\\OneDrive\\\X2\BC14D0D5\X0\ \X2\D654BA74\X0\\\rover\\rover_ass\\mount_pump_gps_ver5.stp','2026-07-22T10:42:19+00:00',('none'),('none'),'CATIA Version 5 Release 21 GA (IN-10)','CATIA V5 STEP AP203','none');

FILE_SCHEMA(('CONFIG_CONTROL_DESIGN'));

ENDSEC;
/* file written by CATIA V5R21 */
DATA;
#5=PRODUCT('mount_pump_gps','','',(#2)) ;
#1=APPLICATION_CONTEXT('configuration controlled 3D design of mechanical parts and assemblies') ;
#14=PRODUCT_DEFINITION('',' ',#6,#3) ;
#16=SECURITY_CLASSIFICATION(' ',' ',#15) ;
#15=SECURITY_CLASSIFICATION_LEVEL('unclassified') ;
#47=CARTESIAN_POINT(' ',(0.,0.,0.)) ;
#52=CARTESIAN_POINT('Axis2P3D Location',(0.,0.,62.)) ;
#57=CARTESIAN_POINT('Line Origine',(19.4331009156,36.,62.)) ;
#61=CARTESIAN_POINT('Vertex',(53.0831009156,36.,62.)) ;
#63=CARTESIAN_POINT('Vertex',(-14.2168990844,36.,62.)) ;
#66=CARTESIAN_POINT('Line Origine',(53.0831009156,-7.1054273576E-015,62.)) ;
#70=CARTESIAN_POINT('Vertex',(53.0831009156,-36.,62.)) ;
#73=CARTESIAN_POINT('Line Origine',(19.4331009156,-36.,62.)) ;
#77=CARTESIAN_POINT('Vertex',(-14.2168990844,-36.,62.)) ;
#80=CARTESIAN_POINT('Line Origine',(-14.2168990844,-1.42108547152E-014,62.)) ;
#92=CARTESIAN_POINT('Axis2P3D Location',(43.0831009156,-2.,22.)) ;
#97=CARTESIAN_POINT('Line Origine',(43.0831009156,16.5,22.)) ;
#101=CARTESIAN_POINT('Vertex',(43.0831009156,18.,22.)) ;
#103=CARTESIAN_POINT('Vertex',(43.0831009156,15.,22.)) ;
#106=CARTESIAN_POINT('Line Origine',(48.0831009156,18.,17.)) ;
#110=CARTESIAN_POINT('Vertex',(53.0831009156,18.,12.)) ;
#113=CARTESIAN_POINT('Line Origine',(53.0831009156,16.5,12.)) ;
#117=CARTESIAN_POINT('Vertex',(53.0831009156,15.,12.)) ;
#120=CARTESIAN_POINT('Line Origine',(48.0831009156,15.,17.)) ;
#132=CARTESIAN_POINT('Axis2P3D Location',(-6.6585192221E-015,3.09474668114E-015,22.)) ;
#137=CARTESIAN_POINT('Line Origine',(48.0831009156,15.,22.)) ;
#141=CARTESIAN_POINT('Vertex',(53.0831009156,15.,22.)) ;
#144=CARTESIAN_POINT('Line Origine',(53.0831009156,8.,22.)) ;
#148=CARTESIAN_POINT('Vertex',(53.0831009156,1.,22.)) ;
#151=CARTESIAN_POINT('Line Origine',(48.0831009156,1.,22.)) ;
#155=CARTESIAN_POINT('Vertex',(43.0831009156,1.,22.)) ;
#158=CARTESIAN_POINT('Line Origine',(43.0831009156,-0.5,22.)) ;
#162=CARTESIAN_POINT('Vertex',(43.0831009156,-2.,22.)) ;
#165=CARTESIAN_POINT('Line Origine',(42.3331009156,-2.,22.)) ;
#169=CARTESIAN_POINT('Vertex',(41.5831009156,-2.,22.)) ;
#172=CARTESIAN_POINT('Line Origine',(41.5831009156,8.,22.)) ;
#176=CARTESIAN_POINT('Vertex',(41.5831009156,18.,22.)) ;
#179=CARTESIAN_POINT('Line Origine',(42.3331009156,18.,22.)) ;
#194=CARTESIAN_POINT('Axis2P3D Location',(45.0831009156,8.,22.)) ;
#198=CARTESIAN_POINT('Vertex',(46.9331009156,8.,22.)) ;
#200=CARTESIAN_POINT('Vertex',(43.2331009156,8.,22.)) ;
#203=CARTESIAN_POINT('Axis2P3D Location',(45.0831009156,8.,22.)) ;
#213=CARTESIAN_POINT('Axis2P3D Location',(41.5831009156,18.,25.)) ;
#218=CARTESIAN_POINT('Line Origine',(41.5831009156,18.,23.5)) ;
#222=CARTESIAN_POINT('Vertex',(41.5831009156,18.,25.)) ;
#225=CARTESIAN_POINT('Line Origine',(47.3331009156,18.,25.)) ;
#229=CARTESIAN_POINT('Vertex',(53.0831009156,18.,25.)) ;
#232=CARTESIAN_POINT('Line Origine',(53.0831009156,18.,18.5)) ;
#245=CARTESIAN_POINT('Axis2P3D Location',(53.0831009156,36.,3.)) ;
#250=CARTESIAN_POINT('Line Origine',(53.0831009156,36.,40.)) ;
#254=CARTESIAN_POINT('Vertex',(53.0831009156,36.,18.)) ;
#257=CARTESIAN_POINT('Line Origine',(53.0831009156,34.5,18.)) ;
#261=CARTESIAN_POINT('Vertex',(53.0831009156,33.,18.)) ;
#264=CARTESIAN_POINT('Line Origine',(53.0831009156,33.,10.5)) ;
#268=CARTESIAN_POINT('Vertex',(53.0831009156,33.,3.)) ;
#271=CARTESIAN_POINT('Line Origine',(53.0831009156,22.,3.)) ;
#275=CARTESIAN_POINT('Vertex',(53.0831009156,11.,3.)) ;
#278=CARTESIAN_POINT('Line Origine',(53.0831009156,-3.5527136788E-015,3.)) ;
#282=CARTESIAN_POINT('Vertex',(53.0831009156,-11.,3.)) ;
#285=CARTESIAN_POINT('Line Origine',(53.0831009156,-22.,3.)) ;
#289=CARTESIAN_POINT('Vertex',(53.0831009156,-33.,3.)) ;
#292=CARTESIAN_POINT('Line Origine',(53.0831009156,-33.,10.5)) ;
#296=CARTESIAN_POINT('Vertex',(53.0831009156,-33.,18.)) ;
#299=CARTESIAN_POINT('Line Origine',(53.0831009156,-34.5,18.)) ;
#303=CARTESIAN_POINT('Vertex',(53.0831009156,-36.,18.)) ;
#306=CARTESIAN_POINT('Line Origine',(53.0831009156,-36.,40.)) ;
#323=CARTESIAN_POINT('Line Origine',(53.0831009156,8.,25.)) ;
#327=CARTESIAN_POINT('Vertex',(53.0831009156,-2.,25.)) ;
#330=CARTESIAN_POINT('Line Origine',(53.0831009156,-2.,18.5)) ;
#334=CARTESIAN_POINT('Vertex',(53.0831009156,-2.,12.)) ;
#337=CARTESIAN_POINT('Line Origine',(53.0831009156,-0.5,12.)) ;
#341=CARTESIAN_POINT('Vertex',(53.0831009156,1.,12.)) ;
#344=CARTESIAN_POINT('Line Origine',(53.0831009156,1.,17.)) ;
#349=CARTESIAN_POINT('Line Origine',(53.0831009156,15.,17.)) ;
#365=CARTESIAN_POINT('Axis2P3D Location',(3.86597334415E-031,15.,-2.59514632006E-015)) ;
#376=CARTESIAN_POINT('Axis2P3D Location',(41.5831009156,-2.,25.)) ;
#381=CARTESIAN_POINT('Line Origine',(41.5831009156,-2.,23.5)) ;
#385=CARTESIAN_POINT('Vertex',(41.5831009156,-2.,25.)) ;
#388=CARTESIAN_POINT('Line Origine',(41.5831009156,8.,25.)) ;
#400=CARTESIAN_POINT('Axis2P3D Location',(53.0831009156,-2.,25.)) ;
#405=CARTESIAN_POINT('Line Origine',(48.0831009156,-2.,17.)) ;
#410=CARTESIAN_POINT('Line Origine',(47.3331009156,-2.,25.)) ;
#423=CARTESIAN_POINT('Line Origine',(48.0831009156,1.,17.)) ;
#435=CARTESIAN_POINT('Axis2P3D Location',(6.82230590144E-032,1.,-4.57966997658E-016)) ;
#446=CARTESIAN_POINT('Axis2P3D Location',(45.0831009156,8.,23.5)) ;
#451=CARTESIAN_POINT('Line Origine',(43.2331009156,8.,23.5)) ;
#455=CARTESIAN_POINT('Vertex',(43.2331009156,8.,25.)) ;
#458=CARTESIAN_POINT('Axis2P3D Location',(45.0831009156,8.,25.)) ;
#462=CARTESIAN_POINT('Vertex',(46.9331009156,8.,25.)) ;
#465=CARTESIAN_POINT('Line Origine',(46.9331009156,8.,23.5)) ;
#477=CARTESIAN_POINT('Axis2P3D Location',(45.0831009156,8.,25.)) ;
#489=CARTESIAN_POINT('Axis2P3D Location',(-7.1054273576E-015,3.5527136788E-015,25.)) ;
#505=CARTESIAN_POINT('Axis2P3D Location',(53.0831009156,36.,18.)) ;
#510=CARTESIAN_POINT('Line Origine',(45.5831009156,33.,10.5)) ;
#514=CARTESIAN_POINT('Vertex',(38.0831009156,33.,3.)) ;
#517=CARTESIAN_POINT('Line Origine',(45.5831009156,36.,10.5)) ;
#521=CARTESIAN_POINT('Vertex',(38.0831009156,36.,3.)) ;
#524=CARTESIAN_POINT('Line Origine',(38.0831009156,34.5,3.)) ;
#536=CARTESIAN_POINT('Axis2P3D Location',(0.,33.,0.)) ;
#541=CARTESIAN_POINT('Line Origine',(45.5831009156,33.,3.)) ;
#552=CARTESIAN_POINT('Axis2P3D Location',(0.,0.,3.)) ;
#557=CARTESIAN_POINT('Line Origine',(3.28310091561,11.,3.)) ;
#561=CARTESIAN_POINT('Vertex',(10.7831009156,11.,3.)) ;
#563=CARTESIAN_POINT('Vertex',(-4.21689908439,11.,3.)) ;
#566=CARTESIAN_POINT('Line Origine',(10.7831009156,3.5527136788E-015,3.)) ;
#570=CARTESIAN_POINT('Vertex',(10.7831009156,-11.,3.)) ;
#573=CARTESIAN_POINT('Line Origine',(3.28310091561,-11.,3.)) ;
#577=CARTESIAN_POINT('Vertex',(-4.21689908439,-11.,3.)) ;
#580=CARTESIAN_POINT('Line Origine',(-4.21689908439,-12.5,3.)) ;
#584=CARTESIAN_POINT('Vertex',(-4.21689908439,-14.,3.)) ;
#587=CARTESIAN_POINT('Line Origine',(-9.21689908439,-14.,3.)) ;
#591=CARTESIAN_POINT('Vertex',(-14.2168990844,-14.,3.)) ;
#594=CARTESIAN_POINT('Line Origine',(-14.2168990844,-25.,3.)) ;
#598=CARTESIAN_POINT('Vertex',(-14.2168990844,-36.,3.)) ;
#601=CARTESIAN_POINT('Line Origine',(11.9331009156,-36.,3.)) ;
#605=CARTESIAN_POINT('Vertex',(38.0831009156,-36.,3.)) ;
#608=CARTESIAN_POINT('Line Origine',(38.0831009156,-34.5,3.)) ;
#612=CARTESIAN_POINT('Vertex',(38.0831009156,-33.,3.)) ;
#615=CARTESIAN_POINT('Line Origine',(45.5831009156,-33.,3.)) ;
#620=CARTESIAN_POINT('Line Origine',(42.5831009156,-11.,3.)) ;
#624=CARTESIAN_POINT('Vertex',(32.0831009156,-11.,3.)) ;
#627=CARTESIAN_POINT('Line Origine',(32.0831009156,-7.46069872548E-014,3.)) ;
#631=CARTESIAN_POINT('Vertex',(32.0831009156,11.,3.)) ;
#634=CARTESIAN_POINT('Line Origine',(42.5831009156,11.,3.)) ;
#639=CARTESIAN_POINT('Line Origine',(11.9331009156,36.,3.)) ;
#643=CARTESIAN_POINT('Vertex',(-14.2168990844,36.,3.)) ;
#646=CARTESIAN_POINT('Line Origine',(-14.2168990844,25.,3.)) ;
#650=CARTESIAN_POINT('Vertex',(-14.2168990844,14.,3.)) ;
#653=CARTESIAN_POINT('Line Origine',(-9.21689908439,14.,3.)) ;
#657=CARTESIAN_POINT('Vertex',(-4.21689908439,14.,3.)) ;
#660=CARTESIAN_POINT('Line Origine',(-4.21689908439,12.5,3.)) ;
#687=CARTESIAN_POINT('Axis2P3D Location',(32.2831009156,-31.25,3.)) ;
#691=CARTESIAN_POINT('Vertex',(30.5831009156,-31.25,3.)) ;
#693=CARTESIAN_POINT('Vertex',(33.9831009156,-31.25,3.)) ;
#696=CARTESIAN_POINT('Axis2P3D Location',(32.2831009156,-31.25,3.)) ;
#705=CARTESIAN_POINT('Axis2P3D Location',(-7.71689908439,-28.,3.)) ;
#709=CARTESIAN_POINT('Vertex',(-9.41689908439,-28.,3.)) ;
#711=CARTESIAN_POINT('Vertex',(-6.01689908439,-28.,3.)) ;
#714=CARTESIAN_POINT('Axis2P3D Location',(-7.71689908439,-28.,3.)) ;
#723=CARTESIAN_POINT('Axis2P3D Location',(32.2831009156,31.25,3.)) ;
#727=CARTESIAN_POINT('Vertex',(30.5831009156,31.25,3.)) ;
#729=CARTESIAN_POINT('Vertex',(33.9831009156,31.25,3.)) ;
#732=CARTESIAN_POINT('Axis2P3D Location',(32.2831009156,31.25,3.)) ;
#741=CARTESIAN_POINT('Axis2P3D Location',(-7.71689908439,28.,3.)) ;
#745=CARTESIAN_POINT('Vertex',(-9.41689908439,28.,3.)) ;
#747=CARTESIAN_POINT('Vertex',(-6.01689908439,28.,3.)) ;
#750=CARTESIAN_POINT('Axis2P3D Location',(-7.71689908439,28.,3.)) ;
#760=CARTESIAN_POINT('Line Origine',(55.5831009156,11.,3.)) ;
#764=CARTESIAN_POINT('Vertex',(58.0831009156,11.,3.)) ;
#767=CARTESIAN_POINT('Line Origine',(58.0831009156,0.,3.)) ;
#771=CARTESIAN_POINT('Vertex',(58.0831009156,-11.,3.)) ;
#774=CARTESIAN_POINT('Line Origine',(55.5831009156,-11.,3.)) ;
#786=CARTESIAN_POINT('Axis2P3D Location',(0.,-33.,0.)) ;
#791=CARTESIAN_POINT('Line Origine',(45.5831009156,-33.,10.5)) ;
#802=CARTESIAN_POINT('Line Origine',(45.5831009156,-36.,10.5)) ;
#814=CARTESIAN_POINT('Axis2P3D Location',(73.0831009156,-36.,93.)) ;
#819=CARTESIAN_POINT('Line Origine',(73.0831009156,-34.5,90.)) ;
#823=CARTESIAN_POINT('Vertex',(73.0831009156,-36.,90.)) ;
#825=CARTESIAN_POINT('Vertex',(73.0831009156,-33.,90.)) ;
#828=CARTESIAN_POINT('Line Origine',(73.0831009156,-7.1054273576E-015,90.)) ;
#832=CARTESIAN_POINT('Vertex',(73.0831009156,33.,90.)) ;
#835=CARTESIAN_POINT('Line Origine',(73.0831009156,34.5,90.)) ;
#839=CARTESIAN_POINT('Vertex',(73.0831009156,36.,90.)) ;
#842=CARTESIAN_POINT('Line Origine',(73.0831009156,36.,91.5)) ;
#846=CARTESIAN_POINT('Vertex',(73.0831009156,36.,93.)) ;
#849=CARTESIAN_POINT('Line Origine',(73.0831009156,-1.42108547152E-014,93.)) ;
#853=CARTESIAN_POINT('Vertex',(73.0831009156,-36.,93.)) ;
#856=CARTESIAN_POINT('Line Origine',(73.0831009156,-36.,91.5)) ;
#870=CARTESIAN_POINT('Axis2P3D Location',(0.,0.,93.)) ;
#875=CARTESIAN_POINT('Line Origine',(-19.2168990844,-23.5,93.)) ;
#879=CARTESIAN_POINT('Vertex',(-19.2168990844,-11.,93.)) ;
#881=CARTESIAN_POINT('Vertex',(-19.2168990844,-36.,93.)) ;
#884=CARTESIAN_POINT('Line Origine',(26.9331009156,-36.,93.)) ;
#889=CARTESIAN_POINT('Line Origine',(26.9331009156,36.,93.)) ;
#893=CARTESIAN_POINT('Vertex',(-19.2168990844,36.,93.)) ;
#896=CARTESIAN_POINT('Line Origine',(-19.2168990844,23.5,93.)) ;
#900=CARTESIAN_POINT('Vertex',(-19.2168990844,11.,93.)) ;
#903=CARTESIAN_POINT('Line Origine',(-4.21689908439,11.,93.)) ;
#907=CARTESIAN_POINT('Vertex',(10.7831009156,11.,93.)) ;
#910=CARTESIAN_POINT('Line Origine',(10.7831009156,2.84217094304E-014,93.)) ;
#914=CARTESIAN_POINT('Vertex',(10.7831009156,-11.,93.)) ;
#917=CARTESIAN_POINT('Line Origine',(-4.21689908439,-11.,93.)) ;
#932=CARTESIAN_POINT('Axis2P3D Location',(52.6831009156,0.,93.)) ;
#936=CARTESIAN_POINT('Vertex',(70.1831009156,0.,93.)) ;
#938=CARTESIAN_POINT('Vertex',(35.1831009156,2.14306111919E-015,93.)) ;
#941=CARTESIAN_POINT('Axis2P3D Location',(52.6831009156,0.,93.)) ;
#951=CARTESIAN_POINT('Axis2P3D Location',(-19.2168990844,36.,0.)) ;
#956=CARTESIAN_POINT('Line Origine',(-19.2168990844,36.,46.5)) ;
#960=CARTESIAN_POINT('Vertex',(-19.2168990844,36.,0.)) ;
#963=CARTESIAN_POINT('Line Origine',(-19.2168990844,23.5,0.)) ;
#967=CARTESIAN_POINT('Vertex',(-19.2168990844,11.,0.)) ;
#970=CARTESIAN_POINT('Line Origine',(-19.2168990844,11.,1.5)) ;
#974=CARTESIAN_POINT('Vertex',(-19.2168990844,11.,3.)) ;
#977=CARTESIAN_POINT('Line Origine',(-19.2168990844,1.24344978758E-014,3.)) ;
#981=CARTESIAN_POINT('Vertex',(-19.2168990844,-11.,3.)) ;
#984=CARTESIAN_POINT('Line Origine',(-19.2168990844,-11.,1.5)) ;
#988=CARTESIAN_POINT('Vertex',(-19.2168990844,-11.,0.)) ;
#991=CARTESIAN_POINT('Line Origine',(-19.2168990844,-23.5,0.)) ;
#995=CARTESIAN_POINT('Vertex',(-19.2168990844,-36.,0.)) ;
#998=CARTESIAN_POINT('Line Origine',(-19.2168990844,-36.,46.5)) ;
#1003=CARTESIAN_POINT('Line Origine',(-19.2168990844,-11.,83.)) ;
#1007=CARTESIAN_POINT('Vertex',(-19.2168990844,-11.,73.)) ;
#1010=CARTESIAN_POINT('Line Origine',(-19.2168990844,-8.881784197E-015,73.)) ;
#1014=CARTESIAN_POINT('Vertex',(-19.2168990844,11.,73.)) ;
#1017=CARTESIAN_POINT('Line Origine',(-19.2168990844,11.,83.)) ;
#1036=CARTESIAN_POINT('Axis2P3D Location',(-19.2168990844,-19.,81.)) ;
#1040=CARTESIAN_POINT('Vertex',(-19.2168990844,-22.75,81.)) ;
#1042=CARTESIAN_POINT('Vertex',(-19.2168990844,-15.25,81.)) ;
#1045=CARTESIAN_POINT('Axis2P3D Location',(-19.2168990844,-19.,81.)) ;
#1054=CARTESIAN_POINT('Axis2P3D Location',(-19.2168990844,-19.,43.)) ;
#1058=CARTESIAN_POINT('Vertex',(-19.2168990844,-22.75,43.)) ;
#1060=CARTESIAN_POINT('Vertex',(-19.2168990844,-15.25,43.)) ;
#1063=CARTESIAN_POINT('Axis2P3D Location',(-19.2168990844,-19.,43.)) ;
#1072=CARTESIAN_POINT('Axis2P3D Location',(-19.2168990844,19.,81.)) ;
#1076=CARTESIAN_POINT('Vertex',(-19.2168990844,15.25,81.)) ;
#1078=CARTESIAN_POINT('Vertex',(-19.2168990844,22.75,81.)) ;
#1081=CARTESIAN_POINT('Axis2P3D Location',(-19.2168990844,19.,81.)) ;
#1090=CARTESIAN_POINT('Axis2P3D Location',(-19.2168990844,19.,43.)) ;
#1094=CARTESIAN_POINT('Vertex',(-19.2168990844,15.25,43.)) ;
#1096=CARTESIAN_POINT('Vertex',(-19.2168990844,22.75,43.)) ;
#1099=CARTESIAN_POINT('Axis2P3D Location',(-19.2168990844,19.,43.)) ;
#1109=CARTESIAN_POINT('Axis2P3D Location',(0.,0.,0.)) ;
#1114=CARTESIAN_POINT('Line Origine',(-4.21689908439,-11.,0.)) ;
#1118=CARTESIAN_POINT('Vertex',(10.7831009156,-11.,0.)) ;
#1121=CARTESIAN_POINT('Line Origine',(10.7831009156,3.5527136788E-015,0.)) ;
#1125=CARTESIAN_POINT('Vertex',(10.7831009156,11.,0.)) ;
#1128=CARTESIAN_POINT('Line Origine',(-4.21689908439,11.,0.)) ;
#1133=CARTESIAN_POINT('Line Origine',(19.4331009156,36.,0.)) ;
#1137=CARTESIAN_POINT('Vertex',(58.0831009156,36.,0.)) ;
#1140=CARTESIAN_POINT('Line Origine',(58.0831009156,23.5,0.)) ;
#1144=CARTESIAN_POINT('Vertex',(58.0831009156,11.,0.)) ;
#1147=CARTESIAN_POINT('Line Origine',(45.0831009156,11.,0.)) ;
#1151=CARTESIAN_POINT('Vertex',(32.0831009156,11.,0.)) ;
#1154=CARTESIAN_POINT('Line Origine',(32.0831009156,-7.46069872548E-014,0.)) ;
#1158=CARTESIAN_POINT('Vertex',(32.0831009156,-11.,0.)) ;
#1161=CARTESIAN_POINT('Line Origine',(45.0831009156,-11.,0.)) ;
#1165=CARTESIAN_POINT('Vertex',(58.0831009156,-11.,0.)) ;
#1168=CARTESIAN_POINT('Line Origine',(58.0831009156,-23.5,0.)) ;
#1172=CARTESIAN_POINT('Vertex',(58.0831009156,-36.,0.)) ;
#1175=CARTESIAN_POINT('Line Origine',(19.4331009156,-36.,0.)) ;
#1194=CARTESIAN_POINT('Axis2P3D Location',(32.2831009156,-31.25,0.)) ;
#1198=CARTESIAN_POINT('Vertex',(33.9831009156,-31.25,0.)) ;
#1200=CARTESIAN_POINT('Vertex',(30.5831009156,-31.25,0.)) ;
#1203=CARTESIAN_POINT('Axis2P3D Location',(32.2831009156,-31.25,0.)) ;
#1212=CARTESIAN_POINT('Axis2P3D Location',(-7.71689908439,-28.,0.)) ;
#1216=CARTESIAN_POINT('Vertex',(-6.01689908439,-28.,0.)) ;
#1218=CARTESIAN_POINT('Vertex',(-9.41689908439,-28.,0.)) ;
#1221=CARTESIAN_POINT('Axis2P3D Location',(-7.71689908439,-28.,0.)) ;
#1230=CARTESIAN_POINT('Axis2P3D Location',(32.2831009156,31.25,0.)) ;
#1234=CARTESIAN_POINT('Vertex',(33.9831009156,31.25,0.)) ;
#1236=CARTESIAN_POINT('Vertex',(30.5831009156,31.25,0.)) ;
#1239=CARTESIAN_POINT('Axis2P3D Location',(32.2831009156,31.25,0.)) ;
#1248=CARTESIAN_POINT('Axis2P3D Location',(-7.71689908439,28.,0.)) ;
#1252=CARTESIAN_POINT('Vertex',(-6.01689908439,28.,0.)) ;
#1254=CARTESIAN_POINT('Vertex',(-9.41689908439,28.,0.)) ;
#1257=CARTESIAN_POINT('Axis2P3D Location',(-7.71689908439,28.,0.)) ;
#1267=CARTESIAN_POINT('Axis2P3D Location',(58.0831009156,-36.,0.)) ;
#1272=CARTESIAN_POINT('Line Origine',(58.0831009156,-22.,90.)) ;
#1276=CARTESIAN_POINT('Vertex',(58.0831009156,-33.,90.)) ;
#1278=CARTESIAN_POINT('Vertex',(58.0831009156,-11.,90.)) ;
#1281=CARTESIAN_POINT('Line Origine',(58.0831009156,-33.,82.5)) ;
#1285=CARTESIAN_POINT('Vertex',(58.0831009156,-33.,75.)) ;
#1288=CARTESIAN_POINT('Line Origine',(58.0831009156,-34.5,75.)) ;
#1292=CARTESIAN_POINT('Vertex',(58.0831009156,-36.,75.)) ;
#1295=CARTESIAN_POINT('Line Origine',(58.0831009156,-36.,37.5)) ;
#1300=CARTESIAN_POINT('Line Origine',(58.0831009156,-11.,1.5)) ;
#1305=CARTESIAN_POINT('Line Origine',(58.0831009156,11.,1.5)) ;
#1310=CARTESIAN_POINT('Line Origine',(58.0831009156,36.,37.5)) ;
#1314=CARTESIAN_POINT('Vertex',(58.0831009156,36.,75.)) ;
#1317=CARTESIAN_POINT('Line Origine',(58.0831009156,34.5,75.)) ;
#1321=CARTESIAN_POINT('Vertex',(58.0831009156,33.,75.)) ;
#1324=CARTESIAN_POINT('Line Origine',(58.0831009156,33.,82.5)) ;
#1328=CARTESIAN_POINT('Vertex',(58.0831009156,33.,90.)) ;
#1331=CARTESIAN_POINT('Line Origine',(58.0831009156,22.,90.)) ;
#1335=CARTESIAN_POINT('Vertex',(58.0831009156,11.,90.)) ;
#1338=CARTESIAN_POINT('Line Origine',(58.0831009156,11.,77.5)) ;
#1342=CARTESIAN_POINT('Vertex',(58.0831009156,11.,65.)) ;
#1345=CARTESIAN_POINT('Line Origine',(58.0831009156,4.97379915032E-014,65.)) ;
#1349=CARTESIAN_POINT('Vertex',(58.0831009156,-11.,65.)) ;
#1352=CARTESIAN_POINT('Line Origine',(58.0831009156,-11.,77.5)) ;
#1376=CARTESIAN_POINT('Axis2P3D Location',(73.0831009156,36.,90.)) ;
#1381=CARTESIAN_POINT('Line Origine',(65.5831009156,33.,82.5)) ;
#1386=CARTESIAN_POINT('Line Origine',(65.5831009156,36.,82.5)) ;
#1398=CARTESIAN_POINT('Line Origine',(53.0831009156,11.,77.5)) ;
#1402=CARTESIAN_POINT('Vertex',(53.0831009156,11.,65.)) ;
#1404=CARTESIAN_POINT('Vertex',(53.0831009156,11.,90.)) ;
#1407=CARTESIAN_POINT('Line Origine',(53.0831009156,22.,90.)) ;
#1411=CARTESIAN_POINT('Vertex',(53.0831009156,33.,90.)) ;
#1414=CARTESIAN_POINT('Line Origine',(53.0831009156,33.,82.5)) ;
#1418=CARTESIAN_POINT('Vertex',(53.0831009156,33.,75.)) ;
#1421=CARTESIAN_POINT('Line Origine',(53.0831009156,34.5,75.)) ;
#1425=CARTESIAN_POINT('Vertex',(53.0831009156,36.,75.)) ;
#1428=CARTESIAN_POINT('Line Origine',(53.0831009156,36.,70.)) ;
#1432=CARTESIAN_POINT('Vertex',(53.0831009156,36.,65.)) ;
#1435=CARTESIAN_POINT('Line Origine',(53.0831009156,23.5,65.)) ;
#1449=CARTESIAN_POINT('Axis2P3D Location',(-14.2168990844,-36.,3.)) ;
#1454=CARTESIAN_POINT('Line Origine',(-14.2168990844,-36.,32.5)) ;
#1459=CARTESIAN_POINT('Line Origine',(-14.2168990844,-14.,8.)) ;
#1463=CARTESIAN_POINT('Vertex',(-14.2168990844,-14.,13.)) ;
#1466=CARTESIAN_POINT('Line Origine',(-14.2168990844,-12.5,13.)) ;
#1470=CARTESIAN_POINT('Vertex',(-14.2168990844,-11.,13.)) ;
#1473=CARTESIAN_POINT('Line Origine',(-14.2168990844,-11.,8.)) ;
#1477=CARTESIAN_POINT('Vertex',(-14.2168990844,-11.,3.)) ;
#1480=CARTESIAN_POINT('Line Origine',(-14.2168990844,3.5527136788E-015,3.)) ;
#1484=CARTESIAN_POINT('Vertex',(-14.2168990844,11.,3.)) ;
#1487=CARTESIAN_POINT('Line Origine',(-14.2168990844,11.,8.)) ;
#1491=CARTESIAN_POINT('Vertex',(-14.2168990844,11.,13.)) ;
#1494=CARTESIAN_POINT('Line Origine',(-14.2168990844,12.5,13.)) ;
#1498=CARTESIAN_POINT('Vertex',(-14.2168990844,14.,13.)) ;
#1501=CARTESIAN_POINT('Line Origine',(-14.2168990844,14.,8.)) ;
#1506=CARTESIAN_POINT('Line Origine',(-14.2168990844,36.,32.5)) ;
#1525=CARTESIAN_POINT('Line Origine',(-14.2168990844,8.,22.)) ;
#1529=CARTESIAN_POINT('Vertex',(-14.2168990844,15.,22.)) ;
#1531=CARTESIAN_POINT('Vertex',(-14.2168990844,1.,22.)) ;
#1534=CARTESIAN_POINT('Line Origine',(-14.2168990844,1.,17.)) ;
#1538=CARTESIAN_POINT('Vertex',(-14.2168990844,1.,12.)) ;
#1541=CARTESIAN_POINT('Line Origine',(-14.2168990844,-0.5,12.)) ;
#1545=CARTESIAN_POINT('Vertex',(-14.2168990844,-2.,12.)) ;
#1548=CARTESIAN_POINT('Line Origine',(-14.2168990844,-2.,18.5)) ;
#1552=CARTESIAN_POINT('Vertex',(-14.2168990844,-2.,25.)) ;
#1555=CARTESIAN_POINT('Line Origine',(-14.2168990844,8.,25.)) ;
#1559=CARTESIAN_POINT('Vertex',(-14.2168990844,18.,25.)) ;
#1562=CARTESIAN_POINT('Line Origine',(-14.2168990844,18.,18.5)) ;
#1566=CARTESIAN_POINT('Vertex',(-14.2168990844,18.,12.)) ;
#1569=CARTESIAN_POINT('Line Origine',(-14.2168990844,16.5,12.)) ;
#1573=CARTESIAN_POINT('Vertex',(-14.2168990844,15.,12.)) ;
#1576=CARTESIAN_POINT('Line Origine',(-14.2168990844,15.,17.)) ;
#1591=CARTESIAN_POINT('Axis2P3D Location',(-14.2168990844,19.,43.)) ;
#1595=CARTESIAN_POINT('Vertex',(-14.2168990844,17.15,43.)) ;
#1597=CARTESIAN_POINT('Vertex',(-14.2168990844,20.85,43.)) ;
#1600=CARTESIAN_POINT('Axis2P3D Location',(-14.2168990844,19.,43.)) ;
#1609=CARTESIAN_POINT('Axis2P3D Location',(-14.2168990844,-19.,43.)) ;
#1613=CARTESIAN_POINT('Vertex',(-14.2168990844,-20.85,43.)) ;
#1615=CARTESIAN_POINT('Vertex',(-14.2168990844,-17.15,43.)) ;
#1618=CARTESIAN_POINT('Axis2P3D Location',(-14.2168990844,-19.,43.)) ;
#1628=CARTESIAN_POINT('Line Origine',(-14.2168990844,36.,70.)) ;
#1632=CARTESIAN_POINT('Vertex',(-14.2168990844,36.,65.)) ;
#1634=CARTESIAN_POINT('Vertex',(-14.2168990844,36.,75.)) ;
#1637=CARTESIAN_POINT('Line Origine',(-14.2168990844,34.5,75.)) ;
#1641=CARTESIAN_POINT('Vertex',(-14.2168990844,33.,75.)) ;
#1644=CARTESIAN_POINT('Line Origine',(-14.2168990844,33.,82.5)) ;
#1648=CARTESIAN_POINT('Vertex',(-14.2168990844,33.,90.)) ;
#1651=CARTESIAN_POINT('Line Origine',(-14.2168990844,22.,90.)) ;
#1655=CARTESIAN_POINT('Vertex',(-14.2168990844,11.,90.)) ;
#1658=CARTESIAN_POINT('Line Origine',(-14.2168990844,11.,81.5)) ;
#1662=CARTESIAN_POINT('Vertex',(-14.2168990844,11.,73.)) ;
#1665=CARTESIAN_POINT('Line Origine',(-14.2168990844,1.7763568394E-015,73.)) ;
#1669=CARTESIAN_POINT('Vertex',(-14.2168990844,-11.,73.)) ;
#1672=CARTESIAN_POINT('Line Origine',(-14.2168990844,-11.,81.5)) ;
#1676=CARTESIAN_POINT('Vertex',(-14.2168990844,-11.,90.)) ;
#1679=CARTESIAN_POINT('Line Origine',(-14.2168990844,-22.,90.)) ;
#1683=CARTESIAN_POINT('Vertex',(-14.2168990844,-33.,90.)) ;
#1686=CARTESIAN_POINT('Line Origine',(-14.2168990844,-33.,82.5)) ;
#1690=CARTESIAN_POINT('Vertex',(-14.2168990844,-33.,75.)) ;
#1693=CARTESIAN_POINT('Line Origine',(-14.2168990844,-34.5,75.)) ;
#1697=CARTESIAN_POINT('Vertex',(-14.2168990844,-36.,75.)) ;
#1700=CARTESIAN_POINT('Line Origine',(-14.2168990844,-36.,70.)) ;
#1704=CARTESIAN_POINT('Vertex',(-14.2168990844,-36.,65.)) ;
#1707=CARTESIAN_POINT('Line Origine',(-14.2168990844,-1.42108547152E-014,65.)) ;
#1726=CARTESIAN_POINT('Axis2P3D Location',(-14.2168990844,19.,81.)) ;
#1730=CARTESIAN_POINT('Vertex',(-14.2168990844,17.15,81.)) ;
#1732=CARTESIAN_POINT('Vertex',(-14.2168990844,20.85,81.)) ;
#1735=CARTESIAN_POINT('Axis2P3D Location',(-14.2168990844,19.,81.)) ;
#1744=CARTESIAN_POINT('Axis2P3D Location',(-14.2168990844,-19.,81.)) ;
#1748=CARTESIAN_POINT('Vertex',(-14.2168990844,-20.85,81.)) ;
#1750=CARTESIAN_POINT('Vertex',(-14.2168990844,-17.15,81.)) ;
#1753=CARTESIAN_POINT('Axis2P3D Location',(-14.2168990844,-19.,81.)) ;
#1763=CARTESIAN_POINT('Axis2P3D Location',(-14.2168990844,36.,75.)) ;
#1768=CARTESIAN_POINT('Line Origine',(-6.71689908439,33.,82.5)) ;
#1772=CARTESIAN_POINT('Vertex',(0.783100915609,33.,90.)) ;
#1775=CARTESIAN_POINT('Line Origine',(-6.71689908439,36.,82.5)) ;
#1779=CARTESIAN_POINT('Vertex',(0.783100915609,36.,90.)) ;
#1782=CARTESIAN_POINT('Line Origine',(0.783100915609,34.5,90.)) ;
#1794=CARTESIAN_POINT('Axis2P3D Location',(0.,0.,90.)) ;
#1799=CARTESIAN_POINT('Line Origine',(65.5831009156,-33.,90.)) ;
#1804=CARTESIAN_POINT('Line Origine',(55.5831009156,-11.,90.)) ;
#1808=CARTESIAN_POINT('Vertex',(53.0831009156,-11.,90.)) ;
#1811=CARTESIAN_POINT('Line Origine',(53.0831009156,-22.,90.)) ;
#1815=CARTESIAN_POINT('Vertex',(53.0831009156,-33.,90.)) ;
#1818=CARTESIAN_POINT('Line Origine',(45.5831009156,-33.,90.)) ;
#1822=CARTESIAN_POINT('Vertex',(38.0831009156,-33.,90.)) ;
#1825=CARTESIAN_POINT('Line Origine',(38.0831009156,-34.5,90.)) ;
#1829=CARTESIAN_POINT('Vertex',(38.0831009156,-36.,90.)) ;
#1832=CARTESIAN_POINT('Line Origine',(19.4331009156,-36.,90.)) ;
#1836=CARTESIAN_POINT('Vertex',(0.783100915609,-36.,90.)) ;
#1839=CARTESIAN_POINT('Line Origine',(0.783100915609,-34.5,90.)) ;
#1843=CARTESIAN_POINT('Vertex',(0.783100915609,-33.,90.)) ;
#1846=CARTESIAN_POINT('Line Origine',(-6.71689908439,-33.,90.)) ;
#1851=CARTESIAN_POINT('Line Origine',(-1.71689908439,-11.,90.)) ;
#1855=CARTESIAN_POINT('Vertex',(10.7831009156,-11.,90.)) ;
#1858=CARTESIAN_POINT('Line Origine',(10.7831009156,4.26325641456E-014,90.)) ;
#1862=CARTESIAN_POINT('Vertex',(10.7831009156,11.,90.)) ;
#1865=CARTESIAN_POINT('Line Origine',(-1.71689908439,11.,90.)) ;
#1870=CARTESIAN_POINT('Line Origine',(-6.71689908439,33.,90.)) ;
#1875=CARTESIAN_POINT('Line Origine',(19.4331009156,36.,90.)) ;
#1879=CARTESIAN_POINT('Vertex',(38.0831009156,36.,90.)) ;
#1882=CARTESIAN_POINT('Line Origine',(38.0831009156,34.5,90.)) ;
#1886=CARTESIAN_POINT('Vertex',(38.0831009156,33.,90.)) ;
#1889=CARTESIAN_POINT('Line Origine',(45.5831009156,33.,90.)) ;
#1894=CARTESIAN_POINT('Line Origine',(55.5831009156,11.,90.)) ;
#1899=CARTESIAN_POINT('Line Origine',(65.5831009156,33.,90.)) ;
#1930=CARTESIAN_POINT('Axis2P3D Location',(52.6831009156,-1.7763568394E-015,90.)) ;
#1934=CARTESIAN_POINT('Vertex',(53.0831009156,3.47706773014,90.)) ;
#1936=CARTESIAN_POINT('Vertex',(49.1831009156,4.28612223838E-016,90.)) ;
#1939=CARTESIAN_POINT('Axis2P3D Location',(52.6831009156,2.44249065418E-015,90.)) ;
#1943=CARTESIAN_POINT('Vertex',(53.0831009156,-3.47706773014,90.)) ;
#1946=CARTESIAN_POINT('Axis2P3D Location',(52.6831009156,6.2172489379E-015,90.)) ;
#1950=CARTESIAN_POINT('Vertex',(56.1831009156,0.,90.)) ;
#1953=CARTESIAN_POINT('Axis2P3D Location',(52.6831009156,-2.88657986403E-015,90.)) ;
#1965=CARTESIAN_POINT('Axis2P3D Location',(53.0831009156,36.,75.)) ;
#1970=CARTESIAN_POINT('Line Origine',(45.5831009156,33.,82.5)) ;
#1975=CARTESIAN_POINT('Line Origine',(45.5831009156,36.,82.5)) ;
#1987=CARTESIAN_POINT('Axis2P3D Location',(32.0831009156,11.,3.)) ;
#1992=CARTESIAN_POINT('Line Origine',(-16.7168990844,11.,3.)) ;
#1997=CARTESIAN_POINT('Line Origine',(10.7831009156,11.,1.5)) ;
#2002=CARTESIAN_POINT('Line Origine',(-9.21689908439,11.,8.)) ;
#2017=CARTESIAN_POINT('Axis2P3D Location',(10.7831009156,11.,3.)) ;
#2022=CARTESIAN_POINT('Line Origine',(10.7831009156,-11.,1.5)) ;
#2034=CARTESIAN_POINT('Axis2P3D Location',(58.0831009156,-11.,3.)) ;
#2039=CARTESIAN_POINT('Line Origine',(-9.21689908439,-11.,8.)) ;
#2044=CARTESIAN_POINT('Line Origine',(-16.7168990844,-11.,3.)) ;
#2059=CARTESIAN_POINT('Axis2P3D Location',(-14.2168990844,-11.,13.)) ;
#2064=CARTESIAN_POINT('Line Origine',(-9.21689908439,-14.,8.)) ;
#2076=CARTESIAN_POINT('Axis2P3D Location',(0.,-14.,0.)) ;
#2087=CARTESIAN_POINT('Line Origine',(32.0831009156,-11.,1.5)) ;
#2100=CARTESIAN_POINT('Axis2P3D Location',(32.0831009156,11.,3.)) ;
#2105=CARTESIAN_POINT('Line Origine',(32.0831009156,11.,1.5)) ;
#2125=CARTESIAN_POINT('Axis2P3D Location',(0.,14.,0.)) ;
#2130=CARTESIAN_POINT('Line Origine',(-9.21689908439,14.,8.)) ;
#2148=CARTESIAN_POINT('Axis2P3D Location',(32.2831009156,-31.25,1.5)) ;
#2153=CARTESIAN_POINT('Line Origine',(33.9831009156,-31.25,1.5)) ;
#2158=CARTESIAN_POINT('Line Origine',(30.5831009156,-31.25,1.5)) ;
#2177=CARTESIAN_POINT('Axis2P3D Location',(-7.71689908439,-28.,1.5)) ;
#2182=CARTESIAN_POINT('Line Origine',(-6.01689908439,-28.,1.5)) ;
#2187=CARTESIAN_POINT('Line Origine',(-9.41689908439,-28.,1.5)) ;
#2206=CARTESIAN_POINT('Axis2P3D Location',(32.2831009156,31.25,1.5)) ;
#2211=CARTESIAN_POINT('Line Origine',(33.9831009156,31.25,1.5)) ;
#2216=CARTESIAN_POINT('Line Origine',(30.5831009156,31.25,1.5)) ;
#2235=CARTESIAN_POINT('Axis2P3D Location',(-7.71689908439,28.,1.5)) ;
#2240=CARTESIAN_POINT('Line Origine',(-6.01689908439,28.,1.5)) ;
#2245=CARTESIAN_POINT('Line Origine',(-9.41689908439,28.,1.5)) ;
#2264=CARTESIAN_POINT('Line Origine',(65.5831009156,-36.,82.5)) ;
#2269=CARTESIAN_POINT('Line Origine',(65.5831009156,-33.,82.5)) ;
#2281=CARTESIAN_POINT('Line Origine',(53.0831009156,-34.5,75.)) ;
#2285=CARTESIAN_POINT('Vertex',(53.0831009156,-36.,75.)) ;
#2287=CARTESIAN_POINT('Vertex',(53.0831009156,-33.,75.)) ;
#2290=CARTESIAN_POINT('Line Origine',(45.5831009156,-36.,82.5)) ;
#2295=CARTESIAN_POINT('Line Origine',(45.5831009156,-33.,82.5)) ;
#2307=CARTESIAN_POINT('Line Origine',(-6.71689908439,-36.,82.5)) ;
#2312=CARTESIAN_POINT('Line Origine',(-6.71689908439,-33.,82.5)) ;
#2324=CARTESIAN_POINT('Line Origine',(53.0831009156,-36.,70.)) ;
#2328=CARTESIAN_POINT('Vertex',(53.0831009156,-36.,65.)) ;
#2331=CARTESIAN_POINT('Line Origine',(53.0831009156,-33.,82.5)) ;
#2336=CARTESIAN_POINT('Line Origine',(53.0831009156,-11.,77.5)) ;
#2340=CARTESIAN_POINT('Vertex',(53.0831009156,-11.,65.)) ;
#2343=CARTESIAN_POINT('Line Origine',(53.0831009156,-23.5,65.)) ;
#2357=CARTESIAN_POINT('Line Origine',(10.7831009156,11.,91.5)) ;
#2362=CARTESIAN_POINT('Line Origine',(-16.7168990844,11.,73.)) ;
#2376=CARTESIAN_POINT('Line Origine',(10.7831009156,-11.,91.5)) ;
#2388=CARTESIAN_POINT('Line Origine',(-16.7168990844,-11.,73.)) ;
#2402=CARTESIAN_POINT('Axis2P3D Location',(52.6831009156,0.,98.)) ;
#2407=CARTESIAN_POINT('Line Origine',(70.1831009156,0.,98.)) ;
#2411=CARTESIAN_POINT('Vertex',(70.1831009156,0.,103.)) ;
#2414=CARTESIAN_POINT('Line Origine',(35.1831009156,2.14306111919E-015,98.)) ;
#2418=CARTESIAN_POINT('Vertex',(35.1831009156,2.14306111919E-015,103.)) ;
#2421=CARTESIAN_POINT('Axis2P3D Location',(52.6831009156,0.,103.)) ;
#2433=CARTESIAN_POINT('Axis2P3D Location',(52.6831009156,0.,103.)) ;
#2452=CARTESIAN_POINT('Axis2P3D Location',(0.,0.,73.)) ;
#2464=CARTESIAN_POINT('Axis2P3D Location',(-21.7168990844,-19.,81.)) ;
#2469=CARTESIAN_POINT('Line Origine',(-21.7168990844,-22.75,81.)) ;
#2473=CARTESIAN_POINT('Vertex',(-24.2168990844,-22.75,81.)) ;
#2476=CARTESIAN_POINT('Line Origine',(-21.7168990844,-15.25,81.)) ;
#2480=CARTESIAN_POINT('Vertex',(-24.2168990844,-15.25,81.)) ;
#2483=CARTESIAN_POINT('Axis2P3D Location',(-24.2168990844,-19.,81.)) ;
#2495=CARTESIAN_POINT('Axis2P3D Location',(-24.2168990844,-19.,81.)) ;
#2507=CARTESIAN_POINT('Axis2P3D Location',(-21.7168990844,-19.,43.)) ;
#2512=CARTESIAN_POINT('Line Origine',(-21.7168990844,-22.75,43.)) ;
#2516=CARTESIAN_POINT('Vertex',(-24.2168990844,-22.75,43.)) ;
#2519=CARTESIAN_POINT('Line Origine',(-21.7168990844,-15.25,43.)) ;
#2523=CARTESIAN_POINT('Vertex',(-24.2168990844,-15.25,43.)) ;
#2526=CARTESIAN_POINT('Axis2P3D Location',(-24.2168990844,-19.,43.)) ;
#2538=CARTESIAN_POINT('Axis2P3D Location',(-24.2168990844,-19.,43.)) ;
#2550=CARTESIAN_POINT('Axis2P3D Location',(-21.7168990844,19.,81.)) ;
#2555=CARTESIAN_POINT('Line Origine',(-21.7168990844,15.25,81.)) ;
#2559=CARTESIAN_POINT('Vertex',(-24.2168990844,15.25,81.)) ;
#2562=CARTESIAN_POINT('Line Origine',(-21.7168990844,22.75,81.)) ;
#2566=CARTESIAN_POINT('Vertex',(-24.2168990844,22.75,81.)) ;
#2569=CARTESIAN_POINT('Axis2P3D Location',(-24.2168990844,19.,81.)) ;
#2581=CARTESIAN_POINT('Axis2P3D Location',(-24.2168990844,19.,81.)) ;
#2593=CARTESIAN_POINT('Axis2P3D Location',(-21.7168990844,19.,43.)) ;
#2598=CARTESIAN_POINT('Line Origine',(-21.7168990844,15.25,43.)) ;
#2602=CARTESIAN_POINT('Vertex',(-24.2168990844,15.25,43.)) ;
#2605=CARTESIAN_POINT('Line Origine',(-21.7168990844,22.75,43.)) ;
#2609=CARTESIAN_POINT('Vertex',(-24.2168990844,22.75,43.)) ;
#2612=CARTESIAN_POINT('Axis2P3D Location',(-24.2168990844,19.,43.)) ;
#2624=CARTESIAN_POINT('Axis2P3D Location',(-24.2168990844,19.,43.)) ;
#2648=CARTESIAN_POINT('Line Origine',(55.5831009156,11.,65.)) ;
#2660=CARTESIAN_POINT('Line Origine',(55.5831009156,-11.,65.)) ;
#2678=CARTESIAN_POINT('Line Origine',(-9.21689908439,15.,22.)) ;
#2682=CARTESIAN_POINT('Vertex',(-4.21689908439,15.,22.)) ;
#2685=CARTESIAN_POINT('Line Origine',(-4.21689908439,16.5,22.)) ;
#2689=CARTESIAN_POINT('Vertex',(-4.21689908439,18.,22.)) ;
#2692=CARTESIAN_POINT('Line Origine',(-1.81689908439,18.,22.)) ;
#2696=CARTESIAN_POINT('Vertex',(0.583100915609,18.,22.)) ;
#2699=CARTESIAN_POINT('Line Origine',(0.583100915609,8.,22.)) ;
#2703=CARTESIAN_POINT('Vertex',(0.583100915609,-2.,22.)) ;
#2706=CARTESIAN_POINT('Line Origine',(-1.81689908439,-2.,22.)) ;
#2710=CARTESIAN_POINT('Vertex',(-4.21689908439,-2.,22.)) ;
#2713=CARTESIAN_POINT('Line Origine',(-4.21689908439,-0.5,22.)) ;
#2717=CARTESIAN_POINT('Vertex',(-4.21689908439,1.,22.)) ;
#2720=CARTESIAN_POINT('Line Origine',(-9.21689908439,1.,22.)) ;
#2735=CARTESIAN_POINT('Axis2P3D Location',(-2.91689908439,8.,22.)) ;
#2739=CARTESIAN_POINT('Vertex',(-1.06689908439,8.,22.)) ;
#2741=CARTESIAN_POINT('Vertex',(-4.76689908439,8.,22.)) ;
#2744=CARTESIAN_POINT('Axis2P3D Location',(-2.91689908439,8.,22.)) ;
#2754=CARTESIAN_POINT('Line Origine',(-9.21689908439,1.,17.)) ;
#2765=CARTESIAN_POINT('Axis2P3D Location',(-14.2168990844,-2.,12.)) ;
#2770=CARTESIAN_POINT('Line Origine',(-9.21689908439,-2.,17.)) ;
#2782=CARTESIAN_POINT('Line Origine',(0.583100915609,-2.,23.5)) ;
#2786=CARTESIAN_POINT('Vertex',(0.583100915609,-2.,25.)) ;
#2789=CARTESIAN_POINT('Line Origine',(-6.81689908439,-2.,25.)) ;
#2802=CARTESIAN_POINT('Line Origine',(-6.81689908439,18.,25.)) ;
#2806=CARTESIAN_POINT('Vertex',(0.583100915609,18.,25.)) ;
#2809=CARTESIAN_POINT('Line Origine',(0.583100915609,8.,25.)) ;
#2820=CARTESIAN_POINT('Axis2P3D Location',(-2.91689908439,8.,25.)) ;
#2824=CARTESIAN_POINT('Vertex',(-4.76689908439,8.,25.)) ;
#2826=CARTESIAN_POINT('Vertex',(-1.06689908439,8.,25.)) ;
#2829=CARTESIAN_POINT('Axis2P3D Location',(-2.91689908439,8.,25.)) ;
#2839=CARTESIAN_POINT('Line Origine',(0.583100915609,18.,23.5)) ;
#2844=CARTESIAN_POINT('Line Origine',(-9.21689908439,18.,17.)) ;
#2857=CARTESIAN_POINT('Line Origine',(-9.21689908439,15.,17.)) ;
#2875=CARTESIAN_POINT('Axis2P3D Location',(-16.7168990844,19.,43.)) ;
#2880=CARTESIAN_POINT('Line Origine',(-16.7168990844,17.15,43.)) ;
#2884=CARTESIAN_POINT('Vertex',(-19.2168990844,17.15,43.)) ;
#2887=CARTESIAN_POINT('Axis2P3D Location',(-19.2168990844,19.,43.)) ;
#2891=CARTESIAN_POINT('Vertex',(-19.2168990844,20.85,43.)) ;
#2894=CARTESIAN_POINT('Line Origine',(-16.7168990844,20.85,43.)) ;
#2906=CARTESIAN_POINT('Axis2P3D Location',(-19.2168990844,19.,43.)) ;
#2918=CARTESIAN_POINT('Axis2P3D Location',(-16.7168990844,-19.,43.)) ;
#2923=CARTESIAN_POINT('Line Origine',(-16.7168990844,-20.85,43.)) ;
#2927=CARTESIAN_POINT('Vertex',(-19.2168990844,-20.85,43.)) ;
#2930=CARTESIAN_POINT('Axis2P3D Location',(-19.2168990844,-19.,43.)) ;
#2934=CARTESIAN_POINT('Vertex',(-19.2168990844,-17.15,43.)) ;
#2937=CARTESIAN_POINT('Line Origine',(-16.7168990844,-17.15,43.)) ;
#2949=CARTESIAN_POINT('Axis2P3D Location',(-19.2168990844,-19.,43.)) ;
#2973=CARTESIAN_POINT('Axis2P3D Location',(-16.7168990844,19.,81.)) ;
#2978=CARTESIAN_POINT('Line Origine',(-16.7168990844,17.15,81.)) ;
#2982=CARTESIAN_POINT('Vertex',(-19.2168990844,17.15,81.)) ;
#2985=CARTESIAN_POINT('Axis2P3D Location',(-19.2168990844,19.,81.)) ;
#2989=CARTESIAN_POINT('Vertex',(-19.2168990844,20.85,81.)) ;
#2992=CARTESIAN_POINT('Line Origine',(-16.7168990844,20.85,81.)) ;
#3004=CARTESIAN_POINT('Axis2P3D Location',(-19.2168990844,19.,81.)) ;
#3016=CARTESIAN_POINT('Axis2P3D Location',(-16.7168990844,-19.,81.)) ;
#3021=CARTESIAN_POINT('Line Origine',(-16.7168990844,-20.85,81.)) ;
#3025=CARTESIAN_POINT('Vertex',(-19.2168990844,-20.85,81.)) ;
#3028=CARTESIAN_POINT('Axis2P3D Location',(-19.2168990844,-19.,81.)) ;
#3032=CARTESIAN_POINT('Vertex',(-19.2168990844,-17.15,81.)) ;
#3035=CARTESIAN_POINT('Line Origine',(-16.7168990844,-17.15,81.)) ;
#3047=CARTESIAN_POINT('Axis2P3D Location',(-19.2168990844,-19.,81.)) ;
#3065=CARTESIAN_POINT('Axis2P3D Location',(52.6831009156,0.,90.5)) ;
#3070=CARTESIAN_POINT('Line Origine',(56.1831009156,0.,90.5)) ;
#3074=CARTESIAN_POINT('Vertex',(56.1831009156,0.,93.)) ;
#3077=CARTESIAN_POINT('Axis2P3D Location',(52.6831009156,0.,93.)) ;
#3081=CARTESIAN_POINT('Vertex',(49.1831009156,4.28612223838E-016,93.)) ;
#3084=CARTESIAN_POINT('Line Origine',(49.1831009156,4.28612223838E-016,90.5)) ;
#3097=CARTESIAN_POINT('Axis2P3D Location',(52.6831009156,0.,93.)) ;
#3110=CARTESIAN_POINT('Axis2P3D Location',(0.,0.,103.)) ;
#3119=CARTESIAN_POINT('Axis2P3D Location',(52.6831009156,0.,103.)) ;
#3123=CARTESIAN_POINT('Vertex',(38.1831009156,1.77567921304E-015,103.)) ;
#3125=CARTESIAN_POINT('Vertex',(67.1831009156,0.,103.)) ;
#3128=CARTESIAN_POINT('Axis2P3D Location',(52.6831009156,0.,103.)) ;
#3138=CARTESIAN_POINT('Axis2P3D Location',(-24.2168990844,0.,0.)) ;
#3147=CARTESIAN_POINT('Axis2P3D Location',(-24.2168990844,-19.,81.)) ;
#3151=CARTESIAN_POINT('Vertex',(-24.2168990844,-17.25,81.)) ;
#3153=CARTESIAN_POINT('Vertex',(-24.2168990844,-20.75,81.)) ;
#3156=CARTESIAN_POINT('Axis2P3D Location',(-24.2168990844,-19.,81.)) ;
#3170=CARTESIAN_POINT('Axis2P3D Location',(-24.2168990844,-19.,43.)) ;
#3174=CARTESIAN_POINT('Vertex',(-24.2168990844,-17.25,43.)) ;
#3176=CARTESIAN_POINT('Vertex',(-24.2168990844,-20.75,43.)) ;
#3179=CARTESIAN_POINT('Axis2P3D Location',(-24.2168990844,-19.,43.)) ;
#3193=CARTESIAN_POINT('Axis2P3D Location',(-24.2168990844,19.,81.)) ;
#3197=CARTESIAN_POINT('Vertex',(-24.2168990844,20.75,81.)) ;
#3199=CARTESIAN_POINT('Vertex',(-24.2168990844,17.25,81.)) ;
#3202=CARTESIAN_POINT('Axis2P3D Location',(-24.2168990844,19.,81.)) ;
#3216=CARTESIAN_POINT('Axis2P3D Location',(-24.2168990844,19.,43.)) ;
#3220=CARTESIAN_POINT('Vertex',(-24.2168990844,20.75,43.)) ;
#3222=CARTESIAN_POINT('Vertex',(-24.2168990844,17.25,43.)) ;
#3225=CARTESIAN_POINT('Axis2P3D Location',(-24.2168990844,19.,43.)) ;
#3235=CARTESIAN_POINT('Axis2P3D Location',(0.583100915609,18.,25.)) ;
#3247=CARTESIAN_POINT('Axis2P3D Location',(-2.91689908439,8.,23.5)) ;
#3252=CARTESIAN_POINT('Line Origine',(-4.76689908439,8.,23.5)) ;
#3257=CARTESIAN_POINT('Line Origine',(-1.06689908439,8.,23.5)) ;
#3280=CARTESIAN_POINT('Axis2P3D Location',(-19.2168990844,19.,43.)) ;
#3284=CARTESIAN_POINT('Vertex',(-19.2168990844,17.25,43.)) ;
#3286=CARTESIAN_POINT('Vertex',(-19.2168990844,20.75,43.)) ;
#3289=CARTESIAN_POINT('Axis2P3D Location',(-19.2168990844,19.,43.)) ;
#3303=CARTESIAN_POINT('Axis2P3D Location',(-19.2168990844,-19.,43.)) ;
#3307=CARTESIAN_POINT('Vertex',(-19.2168990844,-20.75,43.)) ;
#3309=CARTESIAN_POINT('Vertex',(-19.2168990844,-17.25,43.)) ;
#3312=CARTESIAN_POINT('Axis2P3D Location',(-19.2168990844,-19.,43.)) ;
#3326=CARTESIAN_POINT('Axis2P3D Location',(-19.2168990844,19.,81.)) ;
#3330=CARTESIAN_POINT('Vertex',(-19.2168990844,17.25,81.)) ;
#3332=CARTESIAN_POINT('Vertex',(-19.2168990844,20.75,81.)) ;
#3335=CARTESIAN_POINT('Axis2P3D Location',(-19.2168990844,19.,81.)) ;
#3349=CARTESIAN_POINT('Axis2P3D Location',(-19.2168990844,-19.,81.)) ;
#3353=CARTESIAN_POINT('Vertex',(-19.2168990844,-20.75,81.)) ;
#3355=CARTESIAN_POINT('Vertex',(-19.2168990844,-17.25,81.)) ;
#3358=CARTESIAN_POINT('Axis2P3D Location',(-19.2168990844,-19.,81.)) ;
#3368=CARTESIAN_POINT('Axis2P3D Location',(52.6831009156,0.,93.)) ;
#3372=CARTESIAN_POINT('Vertex',(67.1831009156,-3.55135842608E-015,93.)) ;
#3374=CARTESIAN_POINT('Vertex',(38.1831009156,1.77567921304E-015,93.)) ;
#3377=CARTESIAN_POINT('Axis2P3D Location',(52.6831009156,0.,93.)) ;
#3391=CARTESIAN_POINT('Axis2P3D Location',(52.6831009156,0.,98.)) ;
#3396=CARTESIAN_POINT('Line Origine',(67.1831009156,-3.55135842608E-015,98.)) ;
#3401=CARTESIAN_POINT('Line Origine',(38.1831009156,1.77567921304E-015,98.)) ;
#3420=CARTESIAN_POINT('Axis2P3D Location',(-21.7168990844,-19.,81.)) ;
#3425=CARTESIAN_POINT('Line Origine',(-21.7168990844,-20.75,81.)) ;
#3430=CARTESIAN_POINT('Line Origine',(-21.7168990844,-17.25,81.)) ;
#3449=CARTESIAN_POINT('Axis2P3D Location',(-21.7168990844,-19.,43.)) ;
#3454=CARTESIAN_POINT('Line Origine',(-21.7168990844,-20.75,43.)) ;
#3459=CARTESIAN_POINT('Line Origine',(-21.7168990844,-17.25,43.)) ;
#3478=CARTESIAN_POINT('Axis2P3D Location',(-21.7168990844,19.,81.)) ;
#3483=CARTESIAN_POINT('Line Origine',(-21.7168990844,17.25,81.)) ;
#3488=CARTESIAN_POINT('Line Origine',(-21.7168990844,20.75,81.)) ;
#3507=CARTESIAN_POINT('Axis2P3D Location',(-21.7168990844,19.,43.)) ;
#3512=CARTESIAN_POINT('Line Origine',(-21.7168990844,17.25,43.)) ;
#3517=CARTESIAN_POINT('Line Origine',(-21.7168990844,20.75,43.)) ;
#3536=CARTESIAN_POINT('Axis2P3D Location',(-19.2168990844,36.,0.)) ;
#3556=CARTESIAN_POINT('Line Origine',(19.4331009156,36.,65.)) ;
#3570=CARTESIAN_POINT('Axis2P3D Location',(58.0831009156,11.,65.)) ;
#3575=CARTESIAN_POINT('Line Origine',(19.4331009156,-36.,65.)) ;
#3591=CARTESIAN_POINT('Axis2P3D Location',(58.0831009156,-36.,0.)) ;
#53=DIRECTION('Axis2P3D Direction',(0.,0.,1.)) ;
#54=DIRECTION('Axis2P3D XDirection',(1.,0.,0.)) ;
#58=DIRECTION('Vector Direction',(1.,0.,0.)) ;
#67=DIRECTION('Vector Direction',(0.,1.,0.)) ;
#74=DIRECTION('Vector Direction',(-1.,0.,0.)) ;
#81=DIRECTION('Vector Direction',(0.,-1.,0.)) ;
#93=DIRECTION('Axis2P3D Direction',(0.707106781187,1.07943856535E-016,0.707106781187)) ;
#94=DIRECTION('Axis2P3D XDirection',(0.707106781187,-1.07943856535E-016,-0.707106781187)) ;
#98=DIRECTION('Vector Direction',(0.,-1.,0.)) ;
#107=DIRECTION('Vector Direction',(0.707106781187,-2.51214793389E-016,-0.707106781187)) ;
#114=DIRECTION('Vector Direction',(0.,-1.,5.92118946467E-016)) ;
#121=DIRECTION('Vector Direction',(0.707106781187,-1.25607396695E-016,-0.707106781187)) ;
#133=DIRECTION('Axis2P3D Direction',(-1.489693785E-016,1.52655665886E-016,1.)) ;
#134=DIRECTION('Axis2P3D XDirection',(1.,0.,1.489693785E-016)) ;
#138=DIRECTION('Vector Direction',(-1.,0.,0.)) ;
#145=DIRECTION('Vector Direction',(0.,-1.,2.53765262771E-016)) ;
#152=DIRECTION('Vector Direction',(-1.,0.,0.)) ;
#159=DIRECTION('Vector Direction',(0.,1.,0.)) ;
#166=DIRECTION('Vector Direction',(-1.,0.,0.)) ;
#173=DIRECTION('Vector Direction',(0.,1.,-1.7763568394E-016)) ;
#180=DIRECTION('Vector Direction',(1.,0.,0.)) ;
#195=DIRECTION('Axis2P3D Direction',(-1.489693785E-016,1.52655665886E-016,1.)) ;
#204=DIRECTION('Axis2P3D Direction',(-1.489693785E-016,1.52655665886E-016,1.)) ;
#214=DIRECTION('Axis2P3D Direction',(2.27410196715E-032,1.,-1.52655665886E-016)) ;
#215=DIRECTION('Axis2P3D XDirection',(1.,0.,1.489693785E-016)) ;
#219=DIRECTION('Vector Direction',(0.,0.,-1.)) ;
#226=DIRECTION('Vector Direction',(1.,0.,0.)) ;
#233=DIRECTION('Vector Direction',(0.,-2.732856676E-016,-1.)) ;
#246=DIRECTION('Axis2P3D Direction',(-1.,0.,0.)) ;
#247=DIRECTION('Axis2P3D XDirection',(0.,-1.,0.)) ;
#251=DIRECTION('Vector Direction',(0.,0.,1.)) ;
#258=DIRECTION('Vector Direction',(0.,-1.,0.)) ;
#265=DIRECTION('Vector Direction',(0.,0.,-1.)) ;
#272=DIRECTION('Vector Direction',(0.,-1.,0.)) ;
#279=DIRECTION('Vector Direction',(0.,-1.,0.)) ;
#286=DIRECTION('Vector Direction',(0.,-1.,0.)) ;
#293=DIRECTION('Vector Direction',(0.,0.,-1.)) ;
#300=DIRECTION('Vector Direction',(0.,1.,0.)) ;
#307=DIRECTION('Vector Direction',(0.,0.,1.)) ;
#324=DIRECTION('Vector Direction',(0.,-1.,0.)) ;
#331=DIRECTION('Vector Direction',(0.,0.,-1.)) ;
#338=DIRECTION('Vector Direction',(0.,1.,0.)) ;
#345=DIRECTION('Vector Direction',(0.,0.,1.)) ;
#350=DIRECTION('Vector Direction',(0.,0.,1.)) ;
#366=DIRECTION('Axis2P3D Direction',(-2.27410196715E-032,-1.,1.52655665886E-016)) ;
#367=DIRECTION('Axis2P3D XDirection',(1.,-2.27410196715E-032,0.)) ;
#377=DIRECTION('Axis2P3D Direction',(-1.,0.,-1.489693785E-016)) ;
#378=DIRECTION('Axis2P3D XDirection',(2.27410196715E-032,1.,-1.52655665886E-016)) ;
#382=DIRECTION('Vector Direction',(0.,-1.48029736617E-016,-1.)) ;
#389=DIRECTION('Vector Direction',(0.,1.,-1.7763568394E-016)) ;
#401=DIRECTION('Axis2P3D Direction',(-2.27410196715E-032,-1.,1.52655665886E-016)) ;
#402=DIRECTION('Axis2P3D XDirection',(-1.,0.,-1.489693785E-016)) ;
#406=DIRECTION('Vector Direction',(0.707106781187,-1.09906472108E-016,-0.707106781187)) ;
#411=DIRECTION('Vector Direction',(-1.,0.,0.)) ;
#424=DIRECTION('Vector Direction',(0.707106781187,-1.09906472108E-016,-0.707106781187)) ;
#436=DIRECTION('Axis2P3D Direction',(-2.27410196715E-032,-1.,1.52655665886E-016)) ;
#437=DIRECTION('Axis2P3D XDirection',(1.,-2.27410196715E-032,0.)) ;
#447=DIRECTION('Axis2P3D Direction',(-1.489693785E-016,1.52655665886E-016,1.)) ;
#448=DIRECTION('Axis2P3D XDirection',(1.,1.489693785E-016,1.489693785E-016)) ;
#452=DIRECTION('Vector Direction',(0.,0.,1.)) ;
#459=DIRECTION('Axis2P3D Direction',(-1.489693785E-016,1.52655665886E-016,1.)) ;
#466=DIRECTION('Vector Direction',(0.,0.,1.)) ;
#478=DIRECTION('Axis2P3D Direction',(-1.489693785E-016,1.52655665886E-016,1.)) ;
#490=DIRECTION('Axis2P3D Direction',(-1.489693785E-016,1.52655665886E-016,1.)) ;
#491=DIRECTION('Axis2P3D XDirection',(1.,0.,1.489693785E-016)) ;
#506=DIRECTION('Axis2P3D Direction',(-0.707106781187,0.,0.707106781187)) ;
#507=DIRECTION('Axis2P3D XDirection',(-0.707106781187,0.,-0.707106781187)) ;
#511=DIRECTION('Vector Direction',(-0.707106781187,0.,-0.707106781187)) ;
#518=DIRECTION('Vector Direction',(-0.707106781187,0.,-0.707106781187)) ;
#525=DIRECTION('Vector Direction',(0.,-1.,0.)) ;
#537=DIRECTION('Axis2P3D Direction',(0.,1.,-0.)) ;
#538=DIRECTION('Axis2P3D XDirection',(-1.,0.,-0.)) ;
#542=DIRECTION('Vector Direction',(-1.,0.,0.)) ;
#553=DIRECTION('Axis2P3D Direction',(0.,0.,1.)) ;
#554=DIRECTION('Axis2P3D XDirection',(1.,0.,0.)) ;
#558=DIRECTION('Vector Direction',(-1.,0.,0.)) ;
#567=DIRECTION('Vector Direction',(0.,-1.,0.)) ;
#574=DIRECTION('Vector Direction',(1.,0.,0.)) ;
#581=DIRECTION('Vector Direction',(0.,-1.,0.)) ;
#588=DIRECTION('Vector Direction',(-1.,0.,0.)) ;
#595=DIRECTION('Vector Direction',(0.,1.,0.)) ;
#602=DIRECTION('Vector Direction',(-1.,0.,0.)) ;
#609=DIRECTION('Vector Direction',(0.,1.,0.)) ;
#616=DIRECTION('Vector Direction',(-1.,0.,0.)) ;
#621=DIRECTION('Vector Direction',(-1.,0.,0.)) ;
#628=DIRECTION('Vector Direction',(0.,-1.,0.)) ;
#635=DIRECTION('Vector Direction',(1.,0.,0.)) ;
#640=DIRECTION('Vector Direction',(1.,0.,0.)) ;
#647=DIRECTION('Vector Direction',(0.,1.,0.)) ;
#654=DIRECTION('Vector Direction',(-1.,0.,0.)) ;
#661=DIRECTION('Vector Direction',(0.,1.,0.)) ;
#688=DIRECTION('Axis2P3D Direction',(0.,0.,1.)) ;
#697=DIRECTION('Axis2P3D Direction',(0.,0.,1.)) ;
#706=DIRECTION('Axis2P3D Direction',(0.,0.,1.)) ;
#715=DIRECTION('Axis2P3D Direction',(0.,0.,1.)) ;
#724=DIRECTION('Axis2P3D Direction',(0.,0.,1.)) ;
#733=DIRECTION('Axis2P3D Direction',(0.,0.,1.)) ;
#742=DIRECTION('Axis2P3D Direction',(0.,0.,1.)) ;
#751=DIRECTION('Axis2P3D Direction',(0.,0.,1.)) ;
#761=DIRECTION('Vector Direction',(1.,0.,0.)) ;
#768=DIRECTION('Vector Direction',(0.,1.,0.)) ;
#775=DIRECTION('Vector Direction',(-1.,0.,0.)) ;
#787=DIRECTION('Axis2P3D Direction',(0.,1.,-0.)) ;
#788=DIRECTION('Axis2P3D XDirection',(-1.,0.,0.)) ;
#792=DIRECTION('Vector Direction',(-0.707106781187,0.,-0.707106781187)) ;
#803=DIRECTION('Vector Direction',(-0.707106781187,0.,-0.707106781187)) ;
#815=DIRECTION('Axis2P3D Direction',(-1.,0.,0.)) ;
#816=DIRECTION('Axis2P3D XDirection',(0.,1.,0.)) ;
#820=DIRECTION('Vector Direction',(0.,1.,0.)) ;
#829=DIRECTION('Vector Direction',(0.,1.,0.)) ;
#836=DIRECTION('Vector Direction',(0.,1.,0.)) ;
#843=DIRECTION('Vector Direction',(0.,0.,-1.)) ;
#850=DIRECTION('Vector Direction',(0.,1.,0.)) ;
#857=DIRECTION('Vector Direction',(0.,0.,-1.)) ;
#871=DIRECTION('Axis2P3D Direction',(0.,0.,1.)) ;
#872=DIRECTION('Axis2P3D XDirection',(1.,0.,0.)) ;
#876=DIRECTION('Vector Direction',(0.,-1.,0.)) ;
#885=DIRECTION('Vector Direction',(-1.,0.,0.)) ;
#890=DIRECTION('Vector Direction',(1.,0.,0.)) ;
#897=DIRECTION('Vector Direction',(0.,-1.,0.)) ;
#904=DIRECTION('Vector Direction',(1.,0.,0.)) ;
#911=DIRECTION('Vector Direction',(0.,1.,0.)) ;
#918=DIRECTION('Vector Direction',(-1.,0.,0.)) ;
#933=DIRECTION('Axis2P3D Direction',(0.,0.,1.)) ;
#942=DIRECTION('Axis2P3D Direction',(0.,0.,1.)) ;
#952=DIRECTION('Axis2P3D Direction',(-1.,0.,0.)) ;
#953=DIRECTION('Axis2P3D XDirection',(0.,-1.,0.)) ;
#957=DIRECTION('Vector Direction',(0.,0.,1.)) ;
#964=DIRECTION('Vector Direction',(0.,-1.,0.)) ;
#971=DIRECTION('Vector Direction',(0.,0.,-1.)) ;
#978=DIRECTION('Vector Direction',(0.,1.,0.)) ;
#985=DIRECTION('Vector Direction',(0.,0.,-1.)) ;
#992=DIRECTION('Vector Direction',(0.,-1.,0.)) ;
#999=DIRECTION('Vector Direction',(0.,0.,1.)) ;
#1004=DIRECTION('Vector Direction',(0.,0.,-1.)) ;
#1011=DIRECTION('Vector Direction',(0.,-1.,0.)) ;
#1018=DIRECTION('Vector Direction',(0.,0.,-1.)) ;
#1037=DIRECTION('Axis2P3D Direction',(-1.,0.,0.)) ;
#1046=DIRECTION('Axis2P3D Direction',(-1.,0.,0.)) ;
#1055=DIRECTION('Axis2P3D Direction',(-1.,0.,0.)) ;
#1064=DIRECTION('Axis2P3D Direction',(-1.,0.,0.)) ;
#1073=DIRECTION('Axis2P3D Direction',(-1.,0.,0.)) ;
#1082=DIRECTION('Axis2P3D Direction',(-1.,0.,0.)) ;
#1091=DIRECTION('Axis2P3D Direction',(-1.,0.,0.)) ;
#1100=DIRECTION('Axis2P3D Direction',(-1.,0.,0.)) ;
#1110=DIRECTION('Axis2P3D Direction',(0.,0.,1.)) ;
#1111=DIRECTION('Axis2P3D XDirection',(1.,0.,0.)) ;
#1115=DIRECTION('Vector Direction',(1.,0.,0.)) ;
#1122=DIRECTION('Vector Direction',(0.,-1.,0.)) ;
#1129=DIRECTION('Vector Direction',(-1.,0.,0.)) ;
#1134=DIRECTION('Vector Direction',(1.,0.,0.)) ;
#1141=DIRECTION('Vector Direction',(0.,1.,0.)) ;
#1148=DIRECTION('Vector Direction',(1.,0.,0.)) ;
#1155=DIRECTION('Vector Direction',(0.,-1.,0.)) ;
#1162=DIRECTION('Vector Direction',(-1.,0.,0.)) ;
#1169=DIRECTION('Vector Direction',(0.,1.,0.)) ;
#1176=DIRECTION('Vector Direction',(-1.,0.,0.)) ;
#1195=DIRECTION('Axis2P3D Direction',(0.,0.,1.)) ;
#1204=DIRECTION('Axis2P3D Direction',(0.,0.,1.)) ;
#1213=DIRECTION('Axis2P3D Direction',(0.,0.,1.)) ;
#1222=DIRECTION('Axis2P3D Direction',(0.,0.,1.)) ;
#1231=DIRECTION('Axis2P3D Direction',(0.,0.,1.)) ;
#1240=DIRECTION('Axis2P3D Direction',(0.,0.,1.)) ;
#1249=DIRECTION('Axis2P3D Direction',(0.,0.,1.)) ;
#1258=DIRECTION('Axis2P3D Direction',(0.,0.,1.)) ;
#1268=DIRECTION('Axis2P3D Direction',(1.,0.,0.)) ;
#1269=DIRECTION('Axis2P3D XDirection',(0.,1.,0.)) ;
#1273=DIRECTION('Vector Direction',(0.,1.,0.)) ;
#1282=DIRECTION('Vector Direction',(0.,0.,1.)) ;
#1289=DIRECTION('Vector Direction',(0.,1.,0.)) ;
#1296=DIRECTION('Vector Direction',(0.,0.,1.)) ;
#1301=DIRECTION('Vector Direction',(0.,0.,-1.)) ;
#1306=DIRECTION('Vector Direction',(0.,0.,-1.)) ;
#1311=DIRECTION('Vector Direction',(0.,0.,1.)) ;
#1318=DIRECTION('Vector Direction',(0.,-1.,0.)) ;
#1325=DIRECTION('Vector Direction',(0.,0.,1.)) ;
#1332=DIRECTION('Vector Direction',(0.,1.,0.)) ;
#1339=DIRECTION('Vector Direction',(0.,0.,1.)) ;
#1346=DIRECTION('Vector Direction',(0.,-1.,0.)) ;
#1353=DIRECTION('Vector Direction',(0.,0.,-1.)) ;
#1377=DIRECTION('Axis2P3D Direction',(-0.707106781187,0.,0.707106781187)) ;
#1378=DIRECTION('Axis2P3D XDirection',(-0.707106781187,0.,-0.707106781187)) ;
#1382=DIRECTION('Vector Direction',(-0.707106781187,0.,-0.707106781187)) ;
#1387=DIRECTION('Vector Direction',(-0.707106781187,0.,-0.707106781187)) ;
#1399=DIRECTION('Vector Direction',(0.,0.,1.)) ;
#1408=DIRECTION('Vector Direction',(0.,-1.,0.)) ;
#1415=DIRECTION('Vector Direction',(0.,0.,-1.)) ;
#1422=DIRECTION('Vector Direction',(0.,-1.,0.)) ;
#1429=DIRECTION('Vector Direction',(0.,0.,1.)) ;
#1436=DIRECTION('Vector Direction',(0.,1.,0.)) ;
#1450=DIRECTION('Axis2P3D Direction',(1.,0.,0.)) ;
#1451=DIRECTION('Axis2P3D XDirection',(0.,1.,0.)) ;
#1455=DIRECTION('Vector Direction',(0.,0.,1.)) ;
#1460=DIRECTION('Vector Direction',(0.,0.,1.)) ;
#1467=DIRECTION('Vector Direction',(0.,-1.,0.)) ;
#1474=DIRECTION('Vector Direction',(0.,0.,1.)) ;
#1481=DIRECTION('Vector Direction',(0.,1.,0.)) ;
#1488=DIRECTION('Vector Direction',(0.,0.,1.)) ;
#1495=DIRECTION('Vector Direction',(0.,1.,0.)) ;
#1502=DIRECTION('Vector Direction',(0.,0.,1.)) ;
#1507=DIRECTION('Vector Direction',(0.,0.,1.)) ;
#1526=DIRECTION('Vector Direction',(0.,1.,0.)) ;
#1535=DIRECTION('Vector Direction',(0.,0.,1.)) ;
#1542=DIRECTION('Vector Direction',(0.,1.,0.)) ;
#1549=DIRECTION('Vector Direction',(0.,-2.1862853408E-015,-1.)) ;
#1556=DIRECTION('Vector Direction',(0.,1.,0.)) ;
#1563=DIRECTION('Vector Direction',(0.,0.,-1.)) ;
#1570=DIRECTION('Vector Direction',(0.,-1.,0.)) ;
#1577=DIRECTION('Vector Direction',(0.,0.,1.)) ;
#1592=DIRECTION('Axis2P3D Direction',(1.,0.,0.)) ;
#1601=DIRECTION('Axis2P3D Direction',(1.,0.,0.)) ;
#1610=DIRECTION('Axis2P3D Direction',(1.,0.,0.)) ;
#1619=DIRECTION('Axis2P3D Direction',(1.,0.,0.)) ;
#1629=DIRECTION('Vector Direction',(0.,0.,1.)) ;
#1638=DIRECTION('Vector Direction',(0.,-1.,0.)) ;
#1645=DIRECTION('Vector Direction',(0.,0.,-1.)) ;
#1652=DIRECTION('Vector Direction',(0.,-1.,0.)) ;
#1659=DIRECTION('Vector Direction',(0.,0.,-1.)) ;
#1666=DIRECTION('Vector Direction',(0.,-1.,0.)) ;
#1673=DIRECTION('Vector Direction',(0.,0.,-1.)) ;
#1680=DIRECTION('Vector Direction',(0.,-1.,0.)) ;
#1687=DIRECTION('Vector Direction',(0.,0.,-1.)) ;
#1694=DIRECTION('Vector Direction',(0.,1.,0.)) ;
#1701=DIRECTION('Vector Direction',(0.,0.,1.)) ;
#1708=DIRECTION('Vector Direction',(0.,-1.,0.)) ;
#1727=DIRECTION('Axis2P3D Direction',(1.,0.,0.)) ;
#1736=DIRECTION('Axis2P3D Direction',(1.,0.,0.)) ;
#1745=DIRECTION('Axis2P3D Direction',(1.,0.,0.)) ;
#1754=DIRECTION('Axis2P3D Direction',(1.,0.,0.)) ;
#1764=DIRECTION('Axis2P3D Direction',(0.707106781187,0.,-0.707106781187)) ;
#1765=DIRECTION('Axis2P3D XDirection',(0.707106781187,0.,0.707106781187)) ;
#1769=DIRECTION('Vector Direction',(0.707106781187,0.,0.707106781187)) ;
#1776=DIRECTION('Vector Direction',(0.707106781187,0.,0.707106781187)) ;
#1783=DIRECTION('Vector Direction',(0.,-1.,0.)) ;
#1795=DIRECTION('Axis2P3D Direction',(0.,0.,1.)) ;
#1796=DIRECTION('Axis2P3D XDirection',(1.,0.,0.)) ;
#1800=DIRECTION('Vector Direction',(1.,0.,0.)) ;
#1805=DIRECTION('Vector Direction',(-1.,0.,0.)) ;
#1812=DIRECTION('Vector Direction',(0.,-1.,0.)) ;
#1819=DIRECTION('Vector Direction',(1.,0.,0.)) ;
#1826=DIRECTION('Vector Direction',(0.,1.,0.)) ;
#1833=DIRECTION('Vector Direction',(-1.,0.,0.)) ;
#1840=DIRECTION('Vector Direction',(0.,1.,0.)) ;
#1847=DIRECTION('Vector Direction',(-1.,0.,0.)) ;
#1852=DIRECTION('Vector Direction',(1.,0.,0.)) ;
#1859=DIRECTION('Vector Direction',(0.,-1.,0.)) ;
#1866=DIRECTION('Vector Direction',(1.,0.,0.)) ;
#1871=DIRECTION('Vector Direction',(-1.,0.,0.)) ;
#1876=DIRECTION('Vector Direction',(1.,0.,0.)) ;
#1883=DIRECTION('Vector Direction',(0.,-1.,0.)) ;
#1890=DIRECTION('Vector Direction',(1.,0.,0.)) ;
#1895=DIRECTION('Vector Direction',(-1.,0.,0.)) ;
#1900=DIRECTION('Vector Direction',(1.,0.,0.)) ;
#1931=DIRECTION('Axis2P3D Direction',(0.,0.,1.)) ;
#1940=DIRECTION('Axis2P3D Direction',(0.,0.,1.)) ;
#1947=DIRECTION('Axis2P3D Direction',(0.,0.,1.)) ;
#1954=DIRECTION('Axis2P3D Direction',(0.,0.,1.)) ;
#1966=DIRECTION('Axis2P3D Direction',(0.707106781187,0.,0.707106781187)) ;
#1967=DIRECTION('Axis2P3D XDirection',(-0.707106781187,0.,0.707106781187)) ;
#1971=DIRECTION('Vector Direction',(-0.707106781187,0.,0.707106781187)) ;
#1976=DIRECTION('Vector Direction',(-0.707106781187,0.,0.707106781187)) ;
#1988=DIRECTION('Axis2P3D Direction',(-0.,1.,0.)) ;
#1989=DIRECTION('Axis2P3D XDirection',(1.,0.,0.)) ;
#1993=DIRECTION('Vector Direction',(-1.,0.,0.)) ;
#1998=DIRECTION('Vector Direction',(0.,0.,-1.)) ;
#2003=DIRECTION('Vector Direction',(0.707106781187,0.,-0.707106781187)) ;
#2018=DIRECTION('Axis2P3D Direction',(1.,0.,0.)) ;
#2019=DIRECTION('Axis2P3D XDirection',(0.,-1.,0.)) ;
#2023=DIRECTION('Vector Direction',(0.,0.,-1.)) ;
#2035=DIRECTION('Axis2P3D Direction',(-0.,-1.,-0.)) ;
#2036=DIRECTION('Axis2P3D XDirection',(-1.,0.,0.)) ;
#2040=DIRECTION('Vector Direction',(0.707106781187,0.,-0.707106781187)) ;
#2045=DIRECTION('Vector Direction',(1.,0.,0.)) ;
#2060=DIRECTION('Axis2P3D Direction',(-0.707106781187,-0.,-0.707106781187)) ;
#2061=DIRECTION('Axis2P3D XDirection',(0.707106781187,0.,-0.707106781187)) ;
#2065=DIRECTION('Vector Direction',(0.707106781187,0.,-0.707106781187)) ;
#2077=DIRECTION('Axis2P3D Direction',(0.,1.,0.)) ;
#2078=DIRECTION('Axis2P3D XDirection',(-1.,0.,0.)) ;
#2088=DIRECTION('Vector Direction',(0.,0.,-1.)) ;
#2101=DIRECTION('Axis2P3D Direction',(1.,0.,0.)) ;
#2102=DIRECTION('Axis2P3D XDirection',(0.,-1.,0.)) ;
#2106=DIRECTION('Vector Direction',(0.,0.,-1.)) ;
#2126=DIRECTION('Axis2P3D Direction',(0.,1.,-0.)) ;
#2127=DIRECTION('Axis2P3D XDirection',(-1.,0.,0.)) ;
#2131=DIRECTION('Vector Direction',(0.707106781187,0.,-0.707106781187)) ;
#2149=DIRECTION('Axis2P3D Direction',(0.,0.,1.)) ;
#2150=DIRECTION('Axis2P3D XDirection',(1.,0.,0.)) ;
#2154=DIRECTION('Vector Direction',(0.,0.,1.)) ;
#2159=DIRECTION('Vector Direction',(0.,0.,1.)) ;
#2178=DIRECTION('Axis2P3D Direction',(0.,0.,1.)) ;
#2179=DIRECTION('Axis2P3D XDirection',(1.,0.,0.)) ;
#2183=DIRECTION('Vector Direction',(0.,0.,1.)) ;
#2188=DIRECTION('Vector Direction',(0.,0.,1.)) ;
#2207=DIRECTION('Axis2P3D Direction',(0.,0.,1.)) ;
#2208=DIRECTION('Axis2P3D XDirection',(1.,0.,0.)) ;
#2212=DIRECTION('Vector Direction',(0.,0.,1.)) ;
#2217=DIRECTION('Vector Direction',(0.,0.,1.)) ;
#2236=DIRECTION('Axis2P3D Direction',(0.,0.,1.)) ;
#2237=DIRECTION('Axis2P3D XDirection',(1.,0.,0.)) ;
#2241=DIRECTION('Vector Direction',(0.,0.,1.)) ;
#2246=DIRECTION('Vector Direction',(0.,0.,1.)) ;
#2265=DIRECTION('Vector Direction',(-0.707106781187,0.,-0.707106781187)) ;
#2270=DIRECTION('Vector Direction',(-0.707106781187,0.,-0.707106781187)) ;
#2282=DIRECTION('Vector Direction',(0.,1.,0.)) ;
#2291=DIRECTION('Vector Direction',(-0.707106781187,0.,0.707106781187)) ;
#2296=DIRECTION('Vector Direction',(-0.707106781187,0.,0.707106781187)) ;
#2308=DIRECTION('Vector Direction',(0.707106781187,0.,0.707106781187)) ;
#2313=DIRECTION('Vector Direction',(0.707106781187,0.,0.707106781187)) ;
#2325=DIRECTION('Vector Direction',(0.,0.,1.)) ;
#2332=DIRECTION('Vector Direction',(0.,0.,-1.)) ;
#2337=DIRECTION('Vector Direction',(0.,0.,-1.)) ;
#2344=DIRECTION('Vector Direction',(0.,1.,0.)) ;
#2358=DIRECTION('Vector Direction',(0.,0.,-1.)) ;
#2363=DIRECTION('Vector Direction',(1.,0.,0.)) ;
#2377=DIRECTION('Vector Direction',(0.,0.,-1.)) ;
#2389=DIRECTION('Vector Direction',(-1.,0.,0.)) ;
#2403=DIRECTION('Axis2P3D Direction',(0.,0.,1.)) ;
#2404=DIRECTION('Axis2P3D XDirection',(1.,0.,0.)) ;
#2408=DIRECTION('Vector Direction',(0.,0.,1.)) ;
#2415=DIRECTION('Vector Direction',(0.,0.,1.)) ;
#2422=DIRECTION('Axis2P3D Direction',(0.,0.,1.)) ;
#2434=DIRECTION('Axis2P3D Direction',(0.,0.,1.)) ;
#2453=DIRECTION('Axis2P3D Direction',(0.,0.,1.)) ;
#2454=DIRECTION('Axis2P3D XDirection',(1.,0.,0.)) ;
#2465=DIRECTION('Axis2P3D Direction',(-1.,0.,0.)) ;
#2466=DIRECTION('Axis2P3D XDirection',(0.,-1.,0.)) ;
#2470=DIRECTION('Vector Direction',(-1.,0.,0.)) ;
#2477=DIRECTION('Vector Direction',(-1.,0.,0.)) ;
#2484=DIRECTION('Axis2P3D Direction',(-1.,0.,0.)) ;
#2496=DIRECTION('Axis2P3D Direction',(-1.,0.,0.)) ;
#2508=DIRECTION('Axis2P3D Direction',(-1.,0.,0.)) ;
#2509=DIRECTION('Axis2P3D XDirection',(0.,-1.,0.)) ;
#2513=DIRECTION('Vector Direction',(-1.,0.,0.)) ;
#2520=DIRECTION('Vector Direction',(-1.,0.,0.)) ;
#2527=DIRECTION('Axis2P3D Direction',(-1.,0.,0.)) ;
#2539=DIRECTION('Axis2P3D Direction',(-1.,0.,0.)) ;
#2551=DIRECTION('Axis2P3D Direction',(-1.,0.,0.)) ;
#2552=DIRECTION('Axis2P3D XDirection',(0.,-1.,0.)) ;
#2556=DIRECTION('Vector Direction',(-1.,0.,0.)) ;
#2563=DIRECTION('Vector Direction',(-1.,0.,0.)) ;
#2570=DIRECTION('Axis2P3D Direction',(-1.,0.,0.)) ;
#2582=DIRECTION('Axis2P3D Direction',(-1.,0.,0.)) ;
#2594=DIRECTION('Axis2P3D Direction',(-1.,0.,0.)) ;
#2595=DIRECTION('Axis2P3D XDirection',(0.,-1.,0.)) ;
#2599=DIRECTION('Vector Direction',(-1.,0.,0.)) ;
#2606=DIRECTION('Vector Direction',(-1.,0.,0.)) ;
#2613=DIRECTION('Axis2P3D Direction',(-1.,0.,0.)) ;
#2625=DIRECTION('Axis2P3D Direction',(-1.,0.,0.)) ;
#2649=DIRECTION('Vector Direction',(-1.,0.,0.)) ;
#2661=DIRECTION('Vector Direction',(-1.,0.,0.)) ;
#2679=DIRECTION('Vector Direction',(1.,0.,3.5527136788E-016)) ;
#2686=DIRECTION('Vector Direction',(0.,-1.,0.)) ;
#2693=DIRECTION('Vector Direction',(1.,0.,0.)) ;
#2700=DIRECTION('Vector Direction',(0.,-1.,1.7763568394E-016)) ;
#2707=DIRECTION('Vector Direction',(-1.,0.,0.)) ;
#2714=DIRECTION('Vector Direction',(0.,1.,0.)) ;
#2721=DIRECTION('Vector Direction',(1.,0.,3.5527136788E-016)) ;
#2736=DIRECTION('Axis2P3D Direction',(-1.489693785E-016,1.52655665886E-016,1.)) ;
#2745=DIRECTION('Axis2P3D Direction',(-1.489693785E-016,1.52655665886E-016,1.)) ;
#2755=DIRECTION('Vector Direction',(0.707106781187,1.09906472108E-016,0.707106781187)) ;
#2766=DIRECTION('Axis2P3D Direction',(-0.707106781187,1.07943856535E-016,0.707106781187)) ;
#2767=DIRECTION('Axis2P3D XDirection',(0.707106781187,1.07943856535E-016,0.707106781187)) ;
#2771=DIRECTION('Vector Direction',(0.707106781187,1.09906472108E-016,0.707106781187)) ;
#2783=DIRECTION('Vector Direction',(1.48029736617E-016,-1.48029736617E-016,-1.)) ;
#2790=DIRECTION('Vector Direction',(-1.,0.,-2.40048221541E-016)) ;
#2803=DIRECTION('Vector Direction',(1.,0.,2.40048221541E-016)) ;
#2810=DIRECTION('Vector Direction',(0.,-1.,1.7763568394E-016)) ;
#2821=DIRECTION('Axis2P3D Direction',(-1.489693785E-016,1.52655665886E-016,1.)) ;
#2830=DIRECTION('Axis2P3D Direction',(-1.489693785E-016,1.52655665886E-016,1.)) ;
#2840=DIRECTION('Vector Direction',(1.48029736617E-016,0.,-1.)) ;
#2845=DIRECTION('Vector Direction',(0.707106781187,2.51214793389E-016,0.707106781187)) ;
#2858=DIRECTION('Vector Direction',(0.707106781187,1.25607396695E-016,0.707106781187)) ;
#2876=DIRECTION('Axis2P3D Direction',(-1.,0.,0.)) ;
#2877=DIRECTION('Axis2P3D XDirection',(0.,-1.,0.)) ;
#2881=DIRECTION('Vector Direction',(-1.,0.,0.)) ;
#2888=DIRECTION('Axis2P3D Direction',(-1.,0.,0.)) ;
#2895=DIRECTION('Vector Direction',(-1.,0.,0.)) ;
#2907=DIRECTION('Axis2P3D Direction',(-1.,0.,0.)) ;
#2919=DIRECTION('Axis2P3D Direction',(-1.,0.,0.)) ;
#2920=DIRECTION('Axis2P3D XDirection',(0.,-1.,0.)) ;
#2924=DIRECTION('Vector Direction',(-1.,0.,0.)) ;
#2931=DIRECTION('Axis2P3D Direction',(-1.,0.,0.)) ;
#2938=DIRECTION('Vector Direction',(-1.,0.,0.)) ;
#2950=DIRECTION('Axis2P3D Direction',(-1.,0.,0.)) ;
#2974=DIRECTION('Axis2P3D Direction',(-1.,0.,0.)) ;
#2975=DIRECTION('Axis2P3D XDirection',(0.,-1.,0.)) ;
#2979=DIRECTION('Vector Direction',(-1.,0.,0.)) ;
#2986=DIRECTION('Axis2P3D Direction',(-1.,0.,0.)) ;
#2993=DIRECTION('Vector Direction',(-1.,0.,0.)) ;
#3005=DIRECTION('Axis2P3D Direction',(-1.,0.,0.)) ;
#3017=DIRECTION('Axis2P3D Direction',(-1.,0.,0.)) ;
#3018=DIRECTION('Axis2P3D XDirection',(0.,-1.,0.)) ;
#3022=DIRECTION('Vector Direction',(-1.,0.,0.)) ;
#3029=DIRECTION('Axis2P3D Direction',(-1.,0.,0.)) ;
#3036=DIRECTION('Vector Direction',(-1.,0.,0.)) ;
#3048=DIRECTION('Axis2P3D Direction',(-1.,0.,0.)) ;
#3066=DIRECTION('Axis2P3D Direction',(0.,0.,1.)) ;
#3067=DIRECTION('Axis2P3D XDirection',(1.,0.,0.)) ;
#3071=DIRECTION('Vector Direction',(0.,0.,1.)) ;
#3078=DIRECTION('Axis2P3D Direction',(0.,0.,1.)) ;
#3085=DIRECTION('Vector Direction',(0.,0.,1.)) ;
#3098=DIRECTION('Axis2P3D Direction',(0.,0.,1.)) ;
#3111=DIRECTION('Axis2P3D Direction',(0.,0.,1.)) ;
#3112=DIRECTION('Axis2P3D XDirection',(1.,0.,0.)) ;
#3120=DIRECTION('Axis2P3D Direction',(0.,0.,1.)) ;
#3129=DIRECTION('Axis2P3D Direction',(0.,0.,1.)) ;
#3139=DIRECTION('Axis2P3D Direction',(-1.,0.,0.)) ;
#3140=DIRECTION('Axis2P3D XDirection',(0.,-1.,0.)) ;
#3148=DIRECTION('Axis2P3D Direction',(-1.,0.,0.)) ;
#3157=DIRECTION('Axis2P3D Direction',(-1.,0.,0.)) ;
#3171=DIRECTION('Axis2P3D Direction',(-1.,0.,0.)) ;
#3180=DIRECTION('Axis2P3D Direction',(-1.,0.,0.)) ;
#3194=DIRECTION('Axis2P3D Direction',(-1.,0.,0.)) ;
#3203=DIRECTION('Axis2P3D Direction',(-1.,0.,0.)) ;
#3217=DIRECTION('Axis2P3D Direction',(-1.,0.,0.)) ;
#3226=DIRECTION('Axis2P3D Direction',(-1.,0.,0.)) ;
#3236=DIRECTION('Axis2P3D Direction',(1.,0.,1.489693785E-016)) ;
#3237=DIRECTION('Axis2P3D XDirection',(-2.27410196715E-032,-1.,1.52655665886E-016)) ;
#3248=DIRECTION('Axis2P3D Direction',(-1.489693785E-016,1.52655665886E-016,1.)) ;
#3249=DIRECTION('Axis2P3D XDirection',(1.,1.489693785E-016,1.489693785E-016)) ;
#3253=DIRECTION('Vector Direction',(-5.92118946467E-016,0.,1.)) ;
#3258=DIRECTION('Vector Direction',(-2.96059473233E-016,0.,1.)) ;
#3281=DIRECTION('Axis2P3D Direction',(-1.,0.,0.)) ;
#3290=DIRECTION('Axis2P3D Direction',(-1.,0.,0.)) ;
#3304=DIRECTION('Axis2P3D Direction',(-1.,0.,0.)) ;
#3313=DIRECTION('Axis2P3D Direction',(-1.,0.,0.)) ;
#3327=DIRECTION('Axis2P3D Direction',(-1.,0.,0.)) ;
#3336=DIRECTION('Axis2P3D Direction',(-1.,0.,0.)) ;
#3350=DIRECTION('Axis2P3D Direction',(-1.,0.,0.)) ;
#3359=DIRECTION('Axis2P3D Direction',(-1.,0.,0.)) ;
#3369=DIRECTION('Axis2P3D Direction',(0.,0.,1.)) ;
#3378=DIRECTION('Axis2P3D Direction',(0.,0.,1.)) ;
#3392=DIRECTION('Axis2P3D Direction',(0.,0.,1.)) ;
#3393=DIRECTION('Axis2P3D XDirection',(1.,0.,0.)) ;
#3397=DIRECTION('Vector Direction',(0.,0.,1.)) ;
#3402=DIRECTION('Vector Direction',(0.,0.,1.)) ;
#3421=DIRECTION('Axis2P3D Direction',(-1.,0.,0.)) ;
#3422=DIRECTION('Axis2P3D XDirection',(0.,-1.,0.)) ;
#3426=DIRECTION('Vector Direction',(-1.,0.,0.)) ;
#3431=DIRECTION('Vector Direction',(-1.,0.,0.)) ;
#3450=DIRECTION('Axis2P3D Direction',(-1.,0.,0.)) ;
#3451=DIRECTION('Axis2P3D XDirection',(0.,-1.,0.)) ;
#3455=DIRECTION('Vector Direction',(-1.,0.,0.)) ;
#3460=DIRECTION('Vector Direction',(-1.,0.,0.)) ;
#3479=DIRECTION('Axis2P3D Direction',(-1.,0.,0.)) ;
#3480=DIRECTION('Axis2P3D XDirection',(0.,-1.,0.)) ;
#3484=DIRECTION('Vector Direction',(-1.,0.,0.)) ;
#3489=DIRECTION('Vector Direction',(-1.,0.,0.)) ;
#3508=DIRECTION('Axis2P3D Direction',(-1.,0.,0.)) ;
#3509=DIRECTION('Axis2P3D XDirection',(0.,-1.,0.)) ;
#3513=DIRECTION('Vector Direction',(-1.,0.,0.)) ;
#3518=DIRECTION('Vector Direction',(-1.,0.,0.)) ;
#3537=DIRECTION('Axis2P3D Direction',(0.,-1.,0.)) ;
#3538=DIRECTION('Axis2P3D XDirection',(1.,0.,0.)) ;
#3557=DIRECTION('Vector Direction',(1.,0.,0.)) ;
#3571=DIRECTION('Axis2P3D Direction',(-0.,-0.,-1.)) ;
#3572=DIRECTION('Axis2P3D XDirection',(0.,-1.,0.)) ;
#3576=DIRECTION('Vector Direction',(-1.,0.,0.)) ;
#3592=DIRECTION('Axis2P3D Direction',(0.,1.,-0.)) ;
#3593=DIRECTION('Axis2P3D XDirection',(-1.,0.,0.)) ;
#48=AXIS2_PLACEMENT_3D(' ',#47,$,$) ;
#55=AXIS2_PLACEMENT_3D('Plane Axis2P3D',#52,#53,#54) ;
#95=AXIS2_PLACEMENT_3D('Plane Axis2P3D',#92,#93,#94) ;
#135=AXIS2_PLACEMENT_3D('Plane Axis2P3D',#132,#133,#134) ;
#196=AXIS2_PLACEMENT_3D('Circle Axis2P3D',#194,#195,$) ;
#205=AXIS2_PLACEMENT_3D('Circle Axis2P3D',#203,#204,$) ;
#216=AXIS2_PLACEMENT_3D('Plane Axis2P3D',#213,#214,#215) ;
#248=AXIS2_PLACEMENT_3D('Plane Axis2P3D',#245,#246,#247) ;
#368=AXIS2_PLACEMENT_3D('Plane Axis2P3D',#365,#366,#367) ;
#379=AXIS2_PLACEMENT_3D('Plane Axis2P3D',#376,#377,#378) ;
#403=AXIS2_PLACEMENT_3D('Plane Axis2P3D',#400,#401,#402) ;
#438=AXIS2_PLACEMENT_3D('Plane Axis2P3D',#435,#436,#437) ;
#449=AXIS2_PLACEMENT_3D('Cylinder Axis2P3D',#446,#447,#448) ;
#460=AXIS2_PLACEMENT_3D('Circle Axis2P3D',#458,#459,$) ;
#479=AXIS2_PLACEMENT_3D('Circle Axis2P3D',#477,#478,$) ;
#492=AXIS2_PLACEMENT_3D('Plane Axis2P3D',#489,#490,#491) ;
#508=AXIS2_PLACEMENT_3D('Plane Axis2P3D',#505,#506,#507) ;
#539=AXIS2_PLACEMENT_3D('Plane Axis2P3D',#536,#537,#538) ;
#555=AXIS2_PLACEMENT_3D('Plane Axis2P3D',#552,#553,#554) ;
#689=AXIS2_PLACEMENT_3D('Circle Axis2P3D',#687,#688,$) ;
#698=AXIS2_PLACEMENT_3D('Circle Axis2P3D',#696,#697,$) ;
#707=AXIS2_PLACEMENT_3D('Circle Axis2P3D',#705,#706,$) ;
#716=AXIS2_PLACEMENT_3D('Circle Axis2P3D',#714,#715,$) ;
#725=AXIS2_PLACEMENT_3D('Circle Axis2P3D',#723,#724,$) ;
#734=AXIS2_PLACEMENT_3D('Circle Axis2P3D',#732,#733,$) ;
#743=AXIS2_PLACEMENT_3D('Circle Axis2P3D',#741,#742,$) ;
#752=AXIS2_PLACEMENT_3D('Circle Axis2P3D',#750,#751,$) ;
#789=AXIS2_PLACEMENT_3D('Plane Axis2P3D',#786,#787,#788) ;
#817=AXIS2_PLACEMENT_3D('Plane Axis2P3D',#814,#815,#816) ;
#873=AXIS2_PLACEMENT_3D('Plane Axis2P3D',#870,#871,#872) ;
#934=AXIS2_PLACEMENT_3D('Circle Axis2P3D',#932,#933,$) ;
#943=AXIS2_PLACEMENT_3D('Circle Axis2P3D',#941,#942,$) ;
#954=AXIS2_PLACEMENT_3D('Plane Axis2P3D',#951,#952,#953) ;
#1038=AXIS2_PLACEMENT_3D('Circle Axis2P3D',#1036,#1037,$) ;
#1047=AXIS2_PLACEMENT_3D('Circle Axis2P3D',#1045,#1046,$) ;
#1056=AXIS2_PLACEMENT_3D('Circle Axis2P3D',#1054,#1055,$) ;
#1065=AXIS2_PLACEMENT_3D('Circle Axis2P3D',#1063,#1064,$) ;
#1074=AXIS2_PLACEMENT_3D('Circle Axis2P3D',#1072,#1073,$) ;
#1083=AXIS2_PLACEMENT_3D('Circle Axis2P3D',#1081,#1082,$) ;
#1092=AXIS2_PLACEMENT_3D('Circle Axis2P3D',#1090,#1091,$) ;
#1101=AXIS2_PLACEMENT_3D('Circle Axis2P3D',#1099,#1100,$) ;
#1112=AXIS2_PLACEMENT_3D('Plane Axis2P3D',#1109,#1110,#1111) ;
#1196=AXIS2_PLACEMENT_3D('Circle Axis2P3D',#1194,#1195,$) ;
#1205=AXIS2_PLACEMENT_3D('Circle Axis2P3D',#1203,#1204,$) ;
#1214=AXIS2_PLACEMENT_3D('Circle Axis2P3D',#1212,#1213,$) ;
#1223=AXIS2_PLACEMENT_3D('Circle Axis2P3D',#1221,#1222,$) ;
#1232=AXIS2_PLACEMENT_3D('Circle Axis2P3D',#1230,#1231,$) ;
#1241=AXIS2_PLACEMENT_3D('Circle Axis2P3D',#1239,#1240,$) ;
#1250=AXIS2_PLACEMENT_3D('Circle Axis2P3D',#1248,#1249,$) ;
#1259=AXIS2_PLACEMENT_3D('Circle Axis2P3D',#1257,#1258,$) ;
#1270=AXIS2_PLACEMENT_3D('Plane Axis2P3D',#1267,#1268,#1269) ;
#1379=AXIS2_PLACEMENT_3D('Plane Axis2P3D',#1376,#1377,#1378) ;
#1452=AXIS2_PLACEMENT_3D('Plane Axis2P3D',#1449,#1450,#1451) ;
#1593=AXIS2_PLACEMENT_3D('Circle Axis2P3D',#1591,#1592,$) ;
#1602=AXIS2_PLACEMENT_3D('Circle Axis2P3D',#1600,#1601,$) ;
#1611=AXIS2_PLACEMENT_3D('Circle Axis2P3D',#1609,#1610,$) ;
#1620=AXIS2_PLACEMENT_3D('Circle Axis2P3D',#1618,#1619,$) ;
#1728=AXIS2_PLACEMENT_3D('Circle Axis2P3D',#1726,#1727,$) ;
#1737=AXIS2_PLACEMENT_3D('Circle Axis2P3D',#1735,#1736,$) ;
#1746=AXIS2_PLACEMENT_3D('Circle Axis2P3D',#1744,#1745,$) ;
#1755=AXIS2_PLACEMENT_3D('Circle Axis2P3D',#1753,#1754,$) ;
#1766=AXIS2_PLACEMENT_3D('Plane Axis2P3D',#1763,#1764,#1765) ;
#1797=AXIS2_PLACEMENT_3D('Plane Axis2P3D',#1794,#1795,#1796) ;
#1932=AXIS2_PLACEMENT_3D('Circle Axis2P3D',#1930,#1931,$) ;
#1941=AXIS2_PLACEMENT_3D('Circle Axis2P3D',#1939,#1940,$) ;
#1948=AXIS2_PLACEMENT_3D('Circle Axis2P3D',#1946,#1947,$) ;
#1955=AXIS2_PLACEMENT_3D('Circle Axis2P3D',#1953,#1954,$) ;
#1968=AXIS2_PLACEMENT_3D('Plane Axis2P3D',#1965,#1966,#1967) ;
#1990=AXIS2_PLACEMENT_3D('Plane Axis2P3D',#1987,#1988,#1989) ;
#2020=AXIS2_PLACEMENT_3D('Plane Axis2P3D',#2017,#2018,#2019) ;
#2037=AXIS2_PLACEMENT_3D('Plane Axis2P3D',#2034,#2035,#2036) ;
#2062=AXIS2_PLACEMENT_3D('Plane Axis2P3D',#2059,#2060,#2061) ;
#2079=AXIS2_PLACEMENT_3D('Plane Axis2P3D',#2076,#2077,#2078) ;
#2103=AXIS2_PLACEMENT_3D('Plane Axis2P3D',#2100,#2101,#2102) ;
#2128=AXIS2_PLACEMENT_3D('Plane Axis2P3D',#2125,#2126,#2127) ;
#2151=AXIS2_PLACEMENT_3D('Cylinder Axis2P3D',#2148,#2149,#2150) ;
#2180=AXIS2_PLACEMENT_3D('Cylinder Axis2P3D',#2177,#2178,#2179) ;
#2209=AXIS2_PLACEMENT_3D('Cylinder Axis2P3D',#2206,#2207,#2208) ;
#2238=AXIS2_PLACEMENT_3D('Cylinder Axis2P3D',#2235,#2236,#2237) ;
#2405=AXIS2_PLACEMENT_3D('Cylinder Axis2P3D',#2402,#2403,#2404) ;
#2423=AXIS2_PLACEMENT_3D('Circle Axis2P3D',#2421,#2422,$) ;
#2435=AXIS2_PLACEMENT_3D('Circle Axis2P3D',#2433,#2434,$) ;
#2455=AXIS2_PLACEMENT_3D('Plane Axis2P3D',#2452,#2453,#2454) ;
#2467=AXIS2_PLACEMENT_3D('Cylinder Axis2P3D',#2464,#2465,#2466) ;
#2485=AXIS2_PLACEMENT_3D('Circle Axis2P3D',#2483,#2484,$) ;
#2497=AXIS2_PLACEMENT_3D('Circle Axis2P3D',#2495,#2496,$) ;
#2510=AXIS2_PLACEMENT_3D('Cylinder Axis2P3D',#2507,#2508,#2509) ;
#2528=AXIS2_PLACEMENT_3D('Circle Axis2P3D',#2526,#2527,$) ;
#2540=AXIS2_PLACEMENT_3D('Circle Axis2P3D',#2538,#2539,$) ;
#2553=AXIS2_PLACEMENT_3D('Cylinder Axis2P3D',#2550,#2551,#2552) ;
#2571=AXIS2_PLACEMENT_3D('Circle Axis2P3D',#2569,#2570,$) ;
#2583=AXIS2_PLACEMENT_3D('Circle Axis2P3D',#2581,#2582,$) ;
#2596=AXIS2_PLACEMENT_3D('Cylinder Axis2P3D',#2593,#2594,#2595) ;
#2614=AXIS2_PLACEMENT_3D('Circle Axis2P3D',#2612,#2613,$) ;
#2626=AXIS2_PLACEMENT_3D('Circle Axis2P3D',#2624,#2625,$) ;
#2737=AXIS2_PLACEMENT_3D('Circle Axis2P3D',#2735,#2736,$) ;
#2746=AXIS2_PLACEMENT_3D('Circle Axis2P3D',#2744,#2745,$) ;
#2768=AXIS2_PLACEMENT_3D('Plane Axis2P3D',#2765,#2766,#2767) ;
#2822=AXIS2_PLACEMENT_3D('Circle Axis2P3D',#2820,#2821,$) ;
#2831=AXIS2_PLACEMENT_3D('Circle Axis2P3D',#2829,#2830,$) ;
#2878=AXIS2_PLACEMENT_3D('Cylinder Axis2P3D',#2875,#2876,#2877) ;
#2889=AXIS2_PLACEMENT_3D('Circle Axis2P3D',#2887,#2888,$) ;
#2908=AXIS2_PLACEMENT_3D('Circle Axis2P3D',#2906,#2907,$) ;
#2921=AXIS2_PLACEMENT_3D('Cylinder Axis2P3D',#2918,#2919,#2920) ;
#2932=AXIS2_PLACEMENT_3D('Circle Axis2P3D',#2930,#2931,$) ;
#2951=AXIS2_PLACEMENT_3D('Circle Axis2P3D',#2949,#2950,$) ;
#2976=AXIS2_PLACEMENT_3D('Cylinder Axis2P3D',#2973,#2974,#2975) ;
#2987=AXIS2_PLACEMENT_3D('Circle Axis2P3D',#2985,#2986,$) ;
#3006=AXIS2_PLACEMENT_3D('Circle Axis2P3D',#3004,#3005,$) ;
#3019=AXIS2_PLACEMENT_3D('Cylinder Axis2P3D',#3016,#3017,#3018) ;
#3030=AXIS2_PLACEMENT_3D('Circle Axis2P3D',#3028,#3029,$) ;
#3049=AXIS2_PLACEMENT_3D('Circle Axis2P3D',#3047,#3048,$) ;
#3068=AXIS2_PLACEMENT_3D('Cylinder Axis2P3D',#3065,#3066,#3067) ;
#3079=AXIS2_PLACEMENT_3D('Circle Axis2P3D',#3077,#3078,$) ;
#3099=AXIS2_PLACEMENT_3D('Circle Axis2P3D',#3097,#3098,$) ;
#3113=AXIS2_PLACEMENT_3D('Plane Axis2P3D',#3110,#3111,#3112) ;
#3121=AXIS2_PLACEMENT_3D('Circle Axis2P3D',#3119,#3120,$) ;
#3130=AXIS2_PLACEMENT_3D('Circle Axis2P3D',#3128,#3129,$) ;
#3141=AXIS2_PLACEMENT_3D('Plane Axis2P3D',#3138,#3139,#3140) ;
#3149=AXIS2_PLACEMENT_3D('Circle Axis2P3D',#3147,#3148,$) ;
#3158=AXIS2_PLACEMENT_3D('Circle Axis2P3D',#3156,#3157,$) ;
#3172=AXIS2_PLACEMENT_3D('Circle Axis2P3D',#3170,#3171,$) ;
#3181=AXIS2_PLACEMENT_3D('Circle Axis2P3D',#3179,#3180,$) ;
#3195=AXIS2_PLACEMENT_3D('Circle Axis2P3D',#3193,#3194,$) ;
#3204=AXIS2_PLACEMENT_3D('Circle Axis2P3D',#3202,#3203,$) ;
#3218=AXIS2_PLACEMENT_3D('Circle Axis2P3D',#3216,#3217,$) ;
#3227=AXIS2_PLACEMENT_3D('Circle Axis2P3D',#3225,#3226,$) ;
#3238=AXIS2_PLACEMENT_3D('Plane Axis2P3D',#3235,#3236,#3237) ;
#3250=AXIS2_PLACEMENT_3D('Cylinder Axis2P3D',#3247,#3248,#3249) ;
#3282=AXIS2_PLACEMENT_3D('Circle Axis2P3D',#3280,#3281,$) ;
#3291=AXIS2_PLACEMENT_3D('Circle Axis2P3D',#3289,#3290,$) ;
#3305=AXIS2_PLACEMENT_3D('Circle Axis2P3D',#3303,#3304,$) ;
#3314=AXIS2_PLACEMENT_3D('Circle Axis2P3D',#3312,#3313,$) ;
#3328=AXIS2_PLACEMENT_3D('Circle Axis2P3D',#3326,#3327,$) ;
#3337=AXIS2_PLACEMENT_3D('Circle Axis2P3D',#3335,#3336,$) ;
#3351=AXIS2_PLACEMENT_3D('Circle Axis2P3D',#3349,#3350,$) ;
#3360=AXIS2_PLACEMENT_3D('Circle Axis2P3D',#3358,#3359,$) ;
#3370=AXIS2_PLACEMENT_3D('Circle Axis2P3D',#3368,#3369,$) ;
#3379=AXIS2_PLACEMENT_3D('Circle Axis2P3D',#3377,#3378,$) ;
#3394=AXIS2_PLACEMENT_3D('Cylinder Axis2P3D',#3391,#3392,#3393) ;
#3423=AXIS2_PLACEMENT_3D('Cylinder Axis2P3D',#3420,#3421,#3422) ;
#3452=AXIS2_PLACEMENT_3D('Cylinder Axis2P3D',#3449,#3450,#3451) ;
#3481=AXIS2_PLACEMENT_3D('Cylinder Axis2P3D',#3478,#3479,#3480) ;
#3510=AXIS2_PLACEMENT_3D('Cylinder Axis2P3D',#3507,#3508,#3509) ;
#3539=AXIS2_PLACEMENT_3D('Plane Axis2P3D',#3536,#3537,#3538) ;
#3573=AXIS2_PLACEMENT_3D('Plane Axis2P3D',#3570,#3571,#3572) ;
#3594=AXIS2_PLACEMENT_3D('Plane Axis2P3D',#3591,#3592,#3593) ;
#40=PRODUCT_DEFINITION_SHAPE(' ',' ',#14) ;
#31=APPROVAL_PERSON_ORGANIZATION(#25,#21,#19) ;
#25=PERSON_AND_ORGANIZATION(#22,#23) ;
#22=PERSON(' ',' ',' ',$,$,$) ;
#23=ORGANIZATION(' ',' ',' ') ;
#21=APPROVAL(#20,' ') ;
#20=APPROVAL_STATUS('not_yet_approved') ;
#19=APPROVAL_ROLE('APPROVER') ;
#13=DATE_AND_TIME(#11,#12) ;
#12=LOCAL_TIME(19,42,18.,#10) ;
#10=COORDINATED_UNIVERSAL_TIME_OFFSET(0,0,.AHEAD.) ;
#86=ORIENTED_EDGE('',*,*,#65,.F.) ;
#87=ORIENTED_EDGE('',*,*,#72,.F.) ;
#88=ORIENTED_EDGE('',*,*,#79,.F.) ;
#89=ORIENTED_EDGE('',*,*,#84,.F.) ;
#126=ORIENTED_EDGE('',*,*,#105,.F.) ;
#127=ORIENTED_EDGE('',*,*,#112,.T.) ;
#128=ORIENTED_EDGE('',*,*,#119,.T.) ;
#129=ORIENTED_EDGE('',*,*,#124,.F.) ;
#185=ORIENTED_EDGE('',*,*,#105,.T.) ;
#186=ORIENTED_EDGE('',*,*,#143,.F.) ;
#187=ORIENTED_EDGE('',*,*,#150,.F.) ;
#188=ORIENTED_EDGE('',*,*,#157,.T.) ;
#189=ORIENTED_EDGE('',*,*,#164,.F.) ;
#190=ORIENTED_EDGE('',*,*,#171,.F.) ;
#191=ORIENTED_EDGE('',*,*,#178,.F.) ;
#192=ORIENTED_EDGE('',*,*,#183,.F.) ;
#209=ORIENTED_EDGE('',*,*,#202,.T.) ;
#210=ORIENTED_EDGE('',*,*,#207,.T.) ;
#238=ORIENTED_EDGE('',*,*,#183,.T.) ;
#239=ORIENTED_EDGE('',*,*,#224,.F.) ;
#240=ORIENTED_EDGE('',*,*,#231,.F.) ;
#241=ORIENTED_EDGE('',*,*,#236,.T.) ;
#242=ORIENTED_EDGE('',*,*,#112,.F.) ;
#312=ORIENTED_EDGE('',*,*,#256,.F.) ;
#313=ORIENTED_EDGE('',*,*,#263,.T.) ;
#314=ORIENTED_EDGE('',*,*,#270,.T.) ;
#315=ORIENTED_EDGE('',*,*,#277,.T.) ;
#316=ORIENTED_EDGE('',*,*,#284,.T.) ;
#317=ORIENTED_EDGE('',*,*,#291,.T.) ;
#318=ORIENTED_EDGE('',*,*,#298,.F.) ;
#319=ORIENTED_EDGE('',*,*,#305,.F.) ;
#320=ORIENTED_EDGE('',*,*,#310,.T.) ;
#321=ORIENTED_EDGE('',*,*,#72,.T.) ;
#355=ORIENTED_EDGE('',*,*,#236,.F.) ;
#356=ORIENTED_EDGE('',*,*,#329,.F.) ;
#357=ORIENTED_EDGE('',*,*,#336,.T.) ;
#358=ORIENTED_EDGE('',*,*,#343,.T.) ;
#359=ORIENTED_EDGE('',*,*,#348,.T.) ;
#360=ORIENTED_EDGE('',*,*,#150,.T.) ;
#361=ORIENTED_EDGE('',*,*,#353,.F.) ;
#362=ORIENTED_EDGE('',*,*,#119,.F.) ;
#371=ORIENTED_EDGE('',*,*,#124,.T.) ;
#372=ORIENTED_EDGE('',*,*,#353,.T.) ;
#373=ORIENTED_EDGE('',*,*,#143,.T.) ;
#394=ORIENTED_EDGE('',*,*,#178,.T.) ;
#395=ORIENTED_EDGE('',*,*,#387,.F.) ;
#396=ORIENTED_EDGE('',*,*,#392,.F.) ;
#397=ORIENTED_EDGE('',*,*,#224,.T.) ;
#416=ORIENTED_EDGE('',*,*,#409,.T.) ;
#417=ORIENTED_EDGE('',*,*,#336,.F.) ;
#418=ORIENTED_EDGE('',*,*,#414,.F.) ;
#419=ORIENTED_EDGE('',*,*,#387,.T.) ;
#420=ORIENTED_EDGE('',*,*,#171,.T.) ;
#429=ORIENTED_EDGE('',*,*,#427,.T.) ;
#430=ORIENTED_EDGE('',*,*,#343,.F.) ;
#431=ORIENTED_EDGE('',*,*,#409,.F.) ;
#432=ORIENTED_EDGE('',*,*,#164,.T.) ;
#441=ORIENTED_EDGE('',*,*,#157,.F.) ;
#442=ORIENTED_EDGE('',*,*,#348,.F.) ;
#443=ORIENTED_EDGE('',*,*,#427,.F.) ;
#471=ORIENTED_EDGE('',*,*,#457,.F.) ;
#472=ORIENTED_EDGE('',*,*,#464,.T.) ;
#473=ORIENTED_EDGE('',*,*,#469,.T.) ;
#474=ORIENTED_EDGE('',*,*,#207,.F.) ;
#483=ORIENTED_EDGE('',*,*,#469,.F.) ;
#484=ORIENTED_EDGE('',*,*,#481,.T.) ;
#485=ORIENTED_EDGE('',*,*,#457,.T.) ;
#486=ORIENTED_EDGE('',*,*,#202,.F.) ;
#495=ORIENTED_EDGE('',*,*,#231,.T.) ;
#496=ORIENTED_EDGE('',*,*,#392,.T.) ;
#497=ORIENTED_EDGE('',*,*,#414,.T.) ;
#498=ORIENTED_EDGE('',*,*,#329,.T.) ;
#501=ORIENTED_EDGE('',*,*,#464,.F.) ;
#502=ORIENTED_EDGE('',*,*,#481,.F.) ;
#530=ORIENTED_EDGE('',*,*,#516,.T.) ;
#531=ORIENTED_EDGE('',*,*,#263,.F.) ;
#532=ORIENTED_EDGE('',*,*,#523,.F.) ;
#533=ORIENTED_EDGE('',*,*,#528,.T.) ;
#547=ORIENTED_EDGE('',*,*,#516,.F.) ;
#548=ORIENTED_EDGE('',*,*,#545,.F.) ;
#549=ORIENTED_EDGE('',*,*,#270,.F.) ;
#666=ORIENTED_EDGE('',*,*,#565,.F.) ;
#667=ORIENTED_EDGE('',*,*,#572,.F.) ;
#668=ORIENTED_EDGE('',*,*,#579,.F.) ;
#669=ORIENTED_EDGE('',*,*,#586,.T.) ;
#670=ORIENTED_EDGE('',*,*,#593,.T.) ;
#671=ORIENTED_EDGE('',*,*,#600,.F.) ;
#672=ORIENTED_EDGE('',*,*,#607,.T.) ;
#673=ORIENTED_EDGE('',*,*,#614,.T.) ;
#674=ORIENTED_EDGE('',*,*,#619,.F.) ;
#675=ORIENTED_EDGE('',*,*,#291,.F.) ;
#676=ORIENTED_EDGE('',*,*,#626,.F.) ;
#677=ORIENTED_EDGE('',*,*,#633,.F.) ;
#678=ORIENTED_EDGE('',*,*,#638,.F.) ;
#679=ORIENTED_EDGE('',*,*,#277,.F.) ;
#680=ORIENTED_EDGE('',*,*,#545,.T.) ;
#681=ORIENTED_EDGE('',*,*,#528,.F.) ;
#682=ORIENTED_EDGE('',*,*,#645,.T.) ;
#683=ORIENTED_EDGE('',*,*,#652,.F.) ;
#684=ORIENTED_EDGE('',*,*,#659,.F.) ;
#685=ORIENTED_EDGE('',*,*,#664,.F.) ;
#702=ORIENTED_EDGE('',*,*,#695,.F.) ;
#703=ORIENTED_EDGE('',*,*,#700,.F.) ;
#720=ORIENTED_EDGE('',*,*,#713,.F.) ;
#721=ORIENTED_EDGE('',*,*,#718,.F.) ;
#738=ORIENTED_EDGE('',*,*,#731,.F.) ;
#739=ORIENTED_EDGE('',*,*,#736,.F.) ;
#756=ORIENTED_EDGE('',*,*,#749,.F.) ;
#757=ORIENTED_EDGE('',*,*,#754,.F.) ;
#780=ORIENTED_EDGE('',*,*,#284,.F.) ;
#781=ORIENTED_EDGE('',*,*,#766,.F.) ;
#782=ORIENTED_EDGE('',*,*,#773,.F.) ;
#783=ORIENTED_EDGE('',*,*,#778,.F.) ;
#797=ORIENTED_EDGE('',*,*,#298,.T.) ;
#798=ORIENTED_EDGE('',*,*,#619,.T.) ;
#799=ORIENTED_EDGE('',*,*,#795,.T.) ;
#808=ORIENTED_EDGE('',*,*,#614,.F.) ;
#809=ORIENTED_EDGE('',*,*,#806,.T.) ;
#810=ORIENTED_EDGE('',*,*,#305,.T.) ;
#811=ORIENTED_EDGE('',*,*,#795,.F.) ;
#862=ORIENTED_EDGE('',*,*,#827,.T.) ;
#863=ORIENTED_EDGE('',*,*,#834,.T.) ;
#864=ORIENTED_EDGE('',*,*,#841,.T.) ;
#865=ORIENTED_EDGE('',*,*,#848,.F.) ;
#866=ORIENTED_EDGE('',*,*,#855,.F.) ;
#867=ORIENTED_EDGE('',*,*,#860,.T.) ;
#923=ORIENTED_EDGE('',*,*,#883,.T.) ;
#924=ORIENTED_EDGE('',*,*,#888,.T.) ;
#925=ORIENTED_EDGE('',*,*,#855,.T.) ;
#926=ORIENTED_EDGE('',*,*,#895,.T.) ;
#927=ORIENTED_EDGE('',*,*,#902,.T.) ;
#928=ORIENTED_EDGE('',*,*,#909,.F.) ;
#929=ORIENTED_EDGE('',*,*,#916,.F.) ;
#930=ORIENTED_EDGE('',*,*,#921,.F.) ;
#947=ORIENTED_EDGE('',*,*,#940,.F.) ;
#948=ORIENTED_EDGE('',*,*,#945,.F.) ;
#1023=ORIENTED_EDGE('',*,*,#902,.F.) ;
#1024=ORIENTED_EDGE('',*,*,#962,.F.) ;
#1025=ORIENTED_EDGE('',*,*,#969,.T.) ;
#1026=ORIENTED_EDGE('',*,*,#976,.F.) ;
#1027=ORIENTED_EDGE('',*,*,#983,.T.) ;
#1028=ORIENTED_EDGE('',*,*,#990,.T.) ;
#1029=ORIENTED_EDGE('',*,*,#997,.T.) ;
#1030=ORIENTED_EDGE('',*,*,#1002,.T.) ;
#1031=ORIENTED_EDGE('',*,*,#883,.F.) ;
#1032=ORIENTED_EDGE('',*,*,#1009,.T.) ;
#1033=ORIENTED_EDGE('',*,*,#1016,.F.) ;
#1034=ORIENTED_EDGE('',*,*,#1021,.F.) ;
#1051=ORIENTED_EDGE('',*,*,#1044,.F.) ;
#1052=ORIENTED_EDGE('',*,*,#1049,.F.) ;
#1069=ORIENTED_EDGE('',*,*,#1062,.F.) ;
#1070=ORIENTED_EDGE('',*,*,#1067,.F.) ;
#1087=ORIENTED_EDGE('',*,*,#1080,.F.) ;
#1088=ORIENTED_EDGE('',*,*,#1085,.F.) ;
#1105=ORIENTED_EDGE('',*,*,#1098,.F.) ;
#1106=ORIENTED_EDGE('',*,*,#1103,.F.) ;
#1181=ORIENTED_EDGE('',*,*,#1120,.T.) ;
#1182=ORIENTED_EDGE('',*,*,#1127,.T.) ;
#1183=ORIENTED_EDGE('',*,*,#1132,.T.) ;
#1184=ORIENTED_EDGE('',*,*,#969,.F.) ;
#1185=ORIENTED_EDGE('',*,*,#1139,.F.) ;
#1186=ORIENTED_EDGE('',*,*,#1146,.F.) ;
#1187=ORIENTED_EDGE('',*,*,#1153,.T.) ;
#1188=ORIENTED_EDGE('',*,*,#1160,.T.) ;
#1189=ORIENTED_EDGE('',*,*,#1167,.T.) ;
#1190=ORIENTED_EDGE('',*,*,#1174,.F.) ;
#1191=ORIENTED_EDGE('',*,*,#1179,.F.) ;
#1192=ORIENTED_EDGE('',*,*,#997,.F.) ;
#1209=ORIENTED_EDGE('',*,*,#1202,.T.) ;
#1210=ORIENTED_EDGE('',*,*,#1207,.T.) ;
#1227=ORIENTED_EDGE('',*,*,#1220,.T.) ;
#1228=ORIENTED_EDGE('',*,*,#1225,.T.) ;
#1245=ORIENTED_EDGE('',*,*,#1238,.T.) ;
#1246=ORIENTED_EDGE('',*,*,#1243,.T.) ;
#1263=ORIENTED_EDGE('',*,*,#1256,.T.) ;
#1264=ORIENTED_EDGE('',*,*,#1261,.T.) ;
#1358=ORIENTED_EDGE('',*,*,#1280,.F.) ;
#1359=ORIENTED_EDGE('',*,*,#1287,.F.) ;
#1360=ORIENTED_EDGE('',*,*,#1294,.F.) ;
#1361=ORIENTED_EDGE('',*,*,#1299,.F.) ;
#1362=ORIENTED_EDGE('',*,*,#1174,.T.) ;
#1363=ORIENTED_EDGE('',*,*,#1304,.F.) ;
#1364=ORIENTED_EDGE('',*,*,#773,.T.) ;
#1365=ORIENTED_EDGE('',*,*,#1309,.T.) ;
#1366=ORIENTED_EDGE('',*,*,#1146,.T.) ;
#1367=ORIENTED_EDGE('',*,*,#1316,.T.) ;
#1368=ORIENTED_EDGE('',*,*,#1323,.T.) ;
#1369=ORIENTED_EDGE('',*,*,#1330,.T.) ;
#1370=ORIENTED_EDGE('',*,*,#1337,.F.) ;
#1371=ORIENTED_EDGE('',*,*,#1344,.F.) ;
#1372=ORIENTED_EDGE('',*,*,#1351,.F.) ;
#1373=ORIENTED_EDGE('',*,*,#1356,.F.) ;
#1392=ORIENTED_EDGE('',*,*,#1385,.T.) ;
#1393=ORIENTED_EDGE('',*,*,#1323,.F.) ;
#1394=ORIENTED_EDGE('',*,*,#1390,.F.) ;
#1395=ORIENTED_EDGE('',*,*,#841,.F.) ;
#1441=ORIENTED_EDGE('',*,*,#1406,.T.) ;
#1442=ORIENTED_EDGE('',*,*,#1413,.F.) ;
#1443=ORIENTED_EDGE('',*,*,#1420,.T.) ;
#1444=ORIENTED_EDGE('',*,*,#1427,.F.) ;
#1445=ORIENTED_EDGE('',*,*,#1434,.F.) ;
#1446=ORIENTED_EDGE('',*,*,#1439,.F.) ;
#1512=ORIENTED_EDGE('',*,*,#1458,.F.) ;
#1513=ORIENTED_EDGE('',*,*,#600,.T.) ;
#1514=ORIENTED_EDGE('',*,*,#1465,.T.) ;
#1515=ORIENTED_EDGE('',*,*,#1472,.F.) ;
#1516=ORIENTED_EDGE('',*,*,#1479,.F.) ;
#1517=ORIENTED_EDGE('',*,*,#1486,.T.) ;
#1518=ORIENTED_EDGE('',*,*,#1493,.T.) ;
#1519=ORIENTED_EDGE('',*,*,#1500,.T.) ;
#1520=ORIENTED_EDGE('',*,*,#1505,.F.) ;
#1521=ORIENTED_EDGE('',*,*,#652,.T.) ;
#1522=ORIENTED_EDGE('',*,*,#1510,.T.) ;
#1523=ORIENTED_EDGE('',*,*,#84,.T.) ;
#1582=ORIENTED_EDGE('',*,*,#1533,.T.) ;
#1583=ORIENTED_EDGE('',*,*,#1540,.T.) ;
#1584=ORIENTED_EDGE('',*,*,#1547,.F.) ;
#1585=ORIENTED_EDGE('',*,*,#1554,.F.) ;
#1586=ORIENTED_EDGE('',*,*,#1561,.F.) ;
#1587=ORIENTED_EDGE('',*,*,#1568,.T.) ;
#1588=ORIENTED_EDGE('',*,*,#1575,.T.) ;
#1589=ORIENTED_EDGE('',*,*,#1580,.F.) ;
#1606=ORIENTED_EDGE('',*,*,#1599,.T.) ;
#1607=ORIENTED_EDGE('',*,*,#1604,.T.) ;
#1624=ORIENTED_EDGE('',*,*,#1617,.T.) ;
#1625=ORIENTED_EDGE('',*,*,#1622,.T.) ;
#1713=ORIENTED_EDGE('',*,*,#1636,.T.) ;
#1714=ORIENTED_EDGE('',*,*,#1643,.T.) ;
#1715=ORIENTED_EDGE('',*,*,#1650,.T.) ;
#1716=ORIENTED_EDGE('',*,*,#1657,.T.) ;
#1717=ORIENTED_EDGE('',*,*,#1664,.T.) ;
#1718=ORIENTED_EDGE('',*,*,#1671,.T.) ;
#1719=ORIENTED_EDGE('',*,*,#1678,.F.) ;
#1720=ORIENTED_EDGE('',*,*,#1685,.T.) ;
#1721=ORIENTED_EDGE('',*,*,#1692,.F.) ;
#1722=ORIENTED_EDGE('',*,*,#1699,.F.) ;
#1723=ORIENTED_EDGE('',*,*,#1706,.F.) ;
#1724=ORIENTED_EDGE('',*,*,#1711,.F.) ;
#1741=ORIENTED_EDGE('',*,*,#1734,.T.) ;
#1742=ORIENTED_EDGE('',*,*,#1739,.T.) ;
#1759=ORIENTED_EDGE('',*,*,#1752,.T.) ;
#1760=ORIENTED_EDGE('',*,*,#1757,.T.) ;
#1788=ORIENTED_EDGE('',*,*,#1774,.T.) ;
#1789=ORIENTED_EDGE('',*,*,#1643,.F.) ;
#1790=ORIENTED_EDGE('',*,*,#1781,.F.) ;
#1791=ORIENTED_EDGE('',*,*,#1786,.T.) ;
#1905=ORIENTED_EDGE('',*,*,#1803,.F.) ;
#1906=ORIENTED_EDGE('',*,*,#1280,.T.) ;
#1907=ORIENTED_EDGE('',*,*,#1810,.T.) ;
#1908=ORIENTED_EDGE('',*,*,#1817,.T.) ;
#1909=ORIENTED_EDGE('',*,*,#1824,.F.) ;
#1910=ORIENTED_EDGE('',*,*,#1831,.F.) ;
#1911=ORIENTED_EDGE('',*,*,#1838,.F.) ;
#1912=ORIENTED_EDGE('',*,*,#1845,.T.) ;
#1913=ORIENTED_EDGE('',*,*,#1850,.F.) ;
#1914=ORIENTED_EDGE('',*,*,#1685,.F.) ;
#1915=ORIENTED_EDGE('',*,*,#1857,.T.) ;
#1916=ORIENTED_EDGE('',*,*,#1864,.F.) ;
#1917=ORIENTED_EDGE('',*,*,#1869,.F.) ;
#1918=ORIENTED_EDGE('',*,*,#1657,.F.) ;
#1919=ORIENTED_EDGE('',*,*,#1874,.T.) ;
#1920=ORIENTED_EDGE('',*,*,#1786,.F.) ;
#1921=ORIENTED_EDGE('',*,*,#1881,.F.) ;
#1922=ORIENTED_EDGE('',*,*,#1888,.T.) ;
#1923=ORIENTED_EDGE('',*,*,#1893,.T.) ;
#1924=ORIENTED_EDGE('',*,*,#1413,.T.) ;
#1925=ORIENTED_EDGE('',*,*,#1898,.F.) ;
#1926=ORIENTED_EDGE('',*,*,#1337,.T.) ;
#1927=ORIENTED_EDGE('',*,*,#1903,.T.) ;
#1928=ORIENTED_EDGE('',*,*,#834,.F.) ;
#1959=ORIENTED_EDGE('',*,*,#1938,.T.) ;
#1960=ORIENTED_EDGE('',*,*,#1945,.T.) ;
#1961=ORIENTED_EDGE('',*,*,#1952,.T.) ;
#1962=ORIENTED_EDGE('',*,*,#1957,.T.) ;
#1981=ORIENTED_EDGE('',*,*,#1974,.T.) ;
#1982=ORIENTED_EDGE('',*,*,#1888,.F.) ;
#1983=ORIENTED_EDGE('',*,*,#1979,.F.) ;
#1984=ORIENTED_EDGE('',*,*,#1427,.T.) ;
#2008=ORIENTED_EDGE('',*,*,#1996,.T.) ;
#2009=ORIENTED_EDGE('',*,*,#976,.T.) ;
#2010=ORIENTED_EDGE('',*,*,#1132,.F.) ;
#2011=ORIENTED_EDGE('',*,*,#2001,.F.) ;
#2012=ORIENTED_EDGE('',*,*,#565,.T.) ;
#2013=ORIENTED_EDGE('',*,*,#2006,.F.) ;
#2014=ORIENTED_EDGE('',*,*,#1493,.F.) ;
#2028=ORIENTED_EDGE('',*,*,#2026,.F.) ;
#2029=ORIENTED_EDGE('',*,*,#572,.T.) ;
#2030=ORIENTED_EDGE('',*,*,#2001,.T.) ;
#2031=ORIENTED_EDGE('',*,*,#1127,.F.) ;
#2050=ORIENTED_EDGE('',*,*,#1479,.T.) ;
#2051=ORIENTED_EDGE('',*,*,#2043,.T.) ;
#2052=ORIENTED_EDGE('',*,*,#579,.T.) ;
#2053=ORIENTED_EDGE('',*,*,#2026,.T.) ;
#2054=ORIENTED_EDGE('',*,*,#1120,.F.) ;
#2055=ORIENTED_EDGE('',*,*,#990,.F.) ;
#2056=ORIENTED_EDGE('',*,*,#2048,.T.) ;
#2070=ORIENTED_EDGE('',*,*,#2068,.T.) ;
#2071=ORIENTED_EDGE('',*,*,#586,.F.) ;
#2072=ORIENTED_EDGE('',*,*,#2043,.F.) ;
#2073=ORIENTED_EDGE('',*,*,#1472,.T.) ;
#2082=ORIENTED_EDGE('',*,*,#2068,.F.) ;
#2083=ORIENTED_EDGE('',*,*,#1465,.F.) ;
#2084=ORIENTED_EDGE('',*,*,#593,.F.) ;
#2093=ORIENTED_EDGE('',*,*,#2091,.F.) ;
#2094=ORIENTED_EDGE('',*,*,#626,.T.) ;
#2095=ORIENTED_EDGE('',*,*,#778,.T.) ;
#2096=ORIENTED_EDGE('',*,*,#1304,.T.) ;
#2097=ORIENTED_EDGE('',*,*,#1167,.F.) ;
#2111=ORIENTED_EDGE('',*,*,#2109,.F.) ;
#2112=ORIENTED_EDGE('',*,*,#633,.T.) ;
#2113=ORIENTED_EDGE('',*,*,#2091,.T.) ;
#2114=ORIENTED_EDGE('',*,*,#1160,.F.) ;
#2118=ORIENTED_EDGE('',*,*,#1309,.F.) ;
#2119=ORIENTED_EDGE('',*,*,#766,.T.) ;
#2120=ORIENTED_EDGE('',*,*,#638,.T.) ;
#2121=ORIENTED_EDGE('',*,*,#2109,.T.) ;
#2122=ORIENTED_EDGE('',*,*,#1153,.F.) ;
#2136=ORIENTED_EDGE('',*,*,#659,.T.) ;
#2137=ORIENTED_EDGE('',*,*,#1505,.T.) ;
#2138=ORIENTED_EDGE('',*,*,#2134,.T.) ;
#2142=ORIENTED_EDGE('',*,*,#1500,.F.) ;
#2143=ORIENTED_EDGE('',*,*,#2006,.T.) ;
#2144=ORIENTED_EDGE('',*,*,#664,.T.) ;
#2145=ORIENTED_EDGE('',*,*,#2134,.F.) ;
#2164=ORIENTED_EDGE('',*,*,#695,.T.) ;
#2165=ORIENTED_EDGE('',*,*,#2157,.F.) ;
#2166=ORIENTED_EDGE('',*,*,#1207,.F.) ;
#2167=ORIENTED_EDGE('',*,*,#2162,.T.) ;
#2171=ORIENTED_EDGE('',*,*,#700,.T.) ;
#2172=ORIENTED_EDGE('',*,*,#2162,.F.) ;
#2173=ORIENTED_EDGE('',*,*,#1202,.F.) ;
#2174=ORIENTED_EDGE('',*,*,#2157,.T.) ;
#2193=ORIENTED_EDGE('',*,*,#713,.T.) ;
#2194=ORIENTED_EDGE('',*,*,#2186,.F.) ;
#2195=ORIENTED_EDGE('',*,*,#1225,.F.) ;
#2196=ORIENTED_EDGE('',*,*,#2191,.T.) ;
#2200=ORIENTED_EDGE('',*,*,#718,.T.) ;
#2201=ORIENTED_EDGE('',*,*,#2191,.F.) ;
#2202=ORIENTED_EDGE('',*,*,#1220,.F.) ;
#2203=ORIENTED_EDGE('',*,*,#2186,.T.) ;
#2222=ORIENTED_EDGE('',*,*,#731,.T.) ;
#2223=ORIENTED_EDGE('',*,*,#2215,.F.) ;
#2224=ORIENTED_EDGE('',*,*,#1243,.F.) ;
#2225=ORIENTED_EDGE('',*,*,#2220,.T.) ;
#2229=ORIENTED_EDGE('',*,*,#736,.T.) ;
#2230=ORIENTED_EDGE('',*,*,#2220,.F.) ;
#2231=ORIENTED_EDGE('',*,*,#1238,.F.) ;
#2232=ORIENTED_EDGE('',*,*,#2215,.T.) ;
#2251=ORIENTED_EDGE('',*,*,#749,.T.) ;
#2252=ORIENTED_EDGE('',*,*,#2244,.F.) ;
#2253=ORIENTED_EDGE('',*,*,#1261,.F.) ;
#2254=ORIENTED_EDGE('',*,*,#2249,.T.) ;
#2258=ORIENTED_EDGE('',*,*,#754,.T.) ;
#2259=ORIENTED_EDGE('',*,*,#2249,.F.) ;
#2260=ORIENTED_EDGE('',*,*,#1256,.F.) ;
#2261=ORIENTED_EDGE('',*,*,#2244,.T.) ;
#2275=ORIENTED_EDGE('',*,*,#827,.F.) ;
#2276=ORIENTED_EDGE('',*,*,#2268,.T.) ;
#2277=ORIENTED_EDGE('',*,*,#1294,.T.) ;
#2278=ORIENTED_EDGE('',*,*,#2273,.F.) ;
#2301=ORIENTED_EDGE('',*,*,#2289,.F.) ;
#2302=ORIENTED_EDGE('',*,*,#2294,.T.) ;
#2303=ORIENTED_EDGE('',*,*,#1831,.T.) ;
#2304=ORIENTED_EDGE('',*,*,#2299,.F.) ;
#2318=ORIENTED_EDGE('',*,*,#1845,.F.) ;
#2319=ORIENTED_EDGE('',*,*,#2311,.T.) ;
#2320=ORIENTED_EDGE('',*,*,#1699,.T.) ;
#2321=ORIENTED_EDGE('',*,*,#2316,.F.) ;
#2349=ORIENTED_EDGE('',*,*,#2330,.T.) ;
#2350=ORIENTED_EDGE('',*,*,#2289,.T.) ;
#2351=ORIENTED_EDGE('',*,*,#2335,.F.) ;
#2352=ORIENTED_EDGE('',*,*,#1817,.F.) ;
#2353=ORIENTED_EDGE('',*,*,#2342,.T.) ;
#2354=ORIENTED_EDGE('',*,*,#2347,.F.) ;
#2368=ORIENTED_EDGE('',*,*,#1664,.F.) ;
#2369=ORIENTED_EDGE('',*,*,#1869,.T.) ;
#2370=ORIENTED_EDGE('',*,*,#2361,.F.) ;
#2371=ORIENTED_EDGE('',*,*,#909,.T.) ;
#2372=ORIENTED_EDGE('',*,*,#1021,.T.) ;
#2373=ORIENTED_EDGE('',*,*,#2366,.F.) ;
#2382=ORIENTED_EDGE('',*,*,#1864,.T.) ;
#2383=ORIENTED_EDGE('',*,*,#2380,.F.) ;
#2384=ORIENTED_EDGE('',*,*,#916,.T.) ;
#2385=ORIENTED_EDGE('',*,*,#2361,.T.) ;
#2394=ORIENTED_EDGE('',*,*,#1857,.F.) ;
#2395=ORIENTED_EDGE('',*,*,#1678,.T.) ;
#2396=ORIENTED_EDGE('',*,*,#2392,.F.) ;
#2397=ORIENTED_EDGE('',*,*,#1009,.F.) ;
#2398=ORIENTED_EDGE('',*,*,#921,.T.) ;
#2399=ORIENTED_EDGE('',*,*,#2380,.T.) ;
#2427=ORIENTED_EDGE('',*,*,#2413,.F.) ;
#2428=ORIENTED_EDGE('',*,*,#940,.T.) ;
#2429=ORIENTED_EDGE('',*,*,#2420,.T.) ;
#2430=ORIENTED_EDGE('',*,*,#2425,.F.) ;
#2439=ORIENTED_EDGE('',*,*,#2420,.F.) ;
#2440=ORIENTED_EDGE('',*,*,#945,.T.) ;
#2441=ORIENTED_EDGE('',*,*,#2413,.T.) ;
#2442=ORIENTED_EDGE('',*,*,#2437,.F.) ;
#2446=ORIENTED_EDGE('',*,*,#1486,.F.) ;
#2447=ORIENTED_EDGE('',*,*,#2048,.F.) ;
#2448=ORIENTED_EDGE('',*,*,#983,.F.) ;
#2449=ORIENTED_EDGE('',*,*,#1996,.F.) ;
#2458=ORIENTED_EDGE('',*,*,#2366,.T.) ;
#2459=ORIENTED_EDGE('',*,*,#1016,.T.) ;
#2460=ORIENTED_EDGE('',*,*,#2392,.T.) ;
#2461=ORIENTED_EDGE('',*,*,#1671,.F.) ;
#2489=ORIENTED_EDGE('',*,*,#2475,.F.) ;
#2490=ORIENTED_EDGE('',*,*,#1044,.T.) ;
#2491=ORIENTED_EDGE('',*,*,#2482,.T.) ;
#2492=ORIENTED_EDGE('',*,*,#2487,.F.) ;
#2501=ORIENTED_EDGE('',*,*,#2482,.F.) ;
#2502=ORIENTED_EDGE('',*,*,#1049,.T.) ;
#2503=ORIENTED_EDGE('',*,*,#2475,.T.) ;
#2504=ORIENTED_EDGE('',*,*,#2499,.F.) ;
#2532=ORIENTED_EDGE('',*,*,#2518,.F.) ;
#2533=ORIENTED_EDGE('',*,*,#1062,.T.) ;
#2534=ORIENTED_EDGE('',*,*,#2525,.T.) ;
#2535=ORIENTED_EDGE('',*,*,#2530,.F.) ;
#2544=ORIENTED_EDGE('',*,*,#2525,.F.) ;
#2545=ORIENTED_EDGE('',*,*,#1067,.T.) ;
#2546=ORIENTED_EDGE('',*,*,#2518,.T.) ;
#2547=ORIENTED_EDGE('',*,*,#2542,.F.) ;
#2575=ORIENTED_EDGE('',*,*,#2561,.F.) ;
#2576=ORIENTED_EDGE('',*,*,#1080,.T.) ;
#2577=ORIENTED_EDGE('',*,*,#2568,.T.) ;
#2578=ORIENTED_EDGE('',*,*,#2573,.F.) ;
#2587=ORIENTED_EDGE('',*,*,#2568,.F.) ;
#2588=ORIENTED_EDGE('',*,*,#1085,.T.) ;
#2589=ORIENTED_EDGE('',*,*,#2561,.T.) ;
#2590=ORIENTED_EDGE('',*,*,#2585,.F.) ;
#2618=ORIENTED_EDGE('',*,*,#2604,.F.) ;
#2619=ORIENTED_EDGE('',*,*,#1098,.T.) ;
#2620=ORIENTED_EDGE('',*,*,#2611,.T.) ;
#2621=ORIENTED_EDGE('',*,*,#2616,.F.) ;
#2630=ORIENTED_EDGE('',*,*,#2611,.F.) ;
#2631=ORIENTED_EDGE('',*,*,#1103,.T.) ;
#2632=ORIENTED_EDGE('',*,*,#2604,.T.) ;
#2633=ORIENTED_EDGE('',*,*,#2628,.F.) ;
#2637=ORIENTED_EDGE('',*,*,#2273,.T.) ;
#2638=ORIENTED_EDGE('',*,*,#1287,.T.) ;
#2639=ORIENTED_EDGE('',*,*,#1803,.T.) ;
#2643=ORIENTED_EDGE('',*,*,#1903,.F.) ;
#2644=ORIENTED_EDGE('',*,*,#1330,.F.) ;
#2645=ORIENTED_EDGE('',*,*,#1385,.F.) ;
#2654=ORIENTED_EDGE('',*,*,#2652,.F.) ;
#2655=ORIENTED_EDGE('',*,*,#1344,.T.) ;
#2656=ORIENTED_EDGE('',*,*,#1898,.T.) ;
#2657=ORIENTED_EDGE('',*,*,#1406,.F.) ;
#2666=ORIENTED_EDGE('',*,*,#1810,.F.) ;
#2667=ORIENTED_EDGE('',*,*,#1356,.T.) ;
#2668=ORIENTED_EDGE('',*,*,#2664,.T.) ;
#2669=ORIENTED_EDGE('',*,*,#2342,.F.) ;
#2673=ORIENTED_EDGE('',*,*,#1420,.F.) ;
#2674=ORIENTED_EDGE('',*,*,#1893,.F.) ;
#2675=ORIENTED_EDGE('',*,*,#1974,.F.) ;
#2726=ORIENTED_EDGE('',*,*,#2684,.F.) ;
#2727=ORIENTED_EDGE('',*,*,#2691,.F.) ;
#2728=ORIENTED_EDGE('',*,*,#2698,.F.) ;
#2729=ORIENTED_EDGE('',*,*,#2705,.F.) ;
#2730=ORIENTED_EDGE('',*,*,#2712,.F.) ;
#2731=ORIENTED_EDGE('',*,*,#2719,.T.) ;
#2732=ORIENTED_EDGE('',*,*,#2724,.T.) ;
#2733=ORIENTED_EDGE('',*,*,#1533,.F.) ;
#2750=ORIENTED_EDGE('',*,*,#2743,.T.) ;
#2751=ORIENTED_EDGE('',*,*,#2748,.T.) ;
#2760=ORIENTED_EDGE('',*,*,#1540,.F.) ;
#2761=ORIENTED_EDGE('',*,*,#2724,.F.) ;
#2762=ORIENTED_EDGE('',*,*,#2758,.F.) ;
#2776=ORIENTED_EDGE('',*,*,#2758,.T.) ;
#2777=ORIENTED_EDGE('',*,*,#2719,.F.) ;
#2778=ORIENTED_EDGE('',*,*,#2774,.F.) ;
#2779=ORIENTED_EDGE('',*,*,#1547,.T.) ;
#2795=ORIENTED_EDGE('',*,*,#2774,.T.) ;
#2796=ORIENTED_EDGE('',*,*,#2712,.T.) ;
#2797=ORIENTED_EDGE('',*,*,#2788,.F.) ;
#2798=ORIENTED_EDGE('',*,*,#2793,.F.) ;
#2799=ORIENTED_EDGE('',*,*,#1554,.T.) ;
#2815=ORIENTED_EDGE('',*,*,#2808,.T.) ;
#2816=ORIENTED_EDGE('',*,*,#1561,.T.) ;
#2817=ORIENTED_EDGE('',*,*,#2793,.T.) ;
#2818=ORIENTED_EDGE('',*,*,#2813,.T.) ;
#2835=ORIENTED_EDGE('',*,*,#2828,.F.) ;
#2836=ORIENTED_EDGE('',*,*,#2833,.F.) ;
#2850=ORIENTED_EDGE('',*,*,#1568,.F.) ;
#2851=ORIENTED_EDGE('',*,*,#2808,.F.) ;
#2852=ORIENTED_EDGE('',*,*,#2843,.T.) ;
#2853=ORIENTED_EDGE('',*,*,#2698,.T.) ;
#2854=ORIENTED_EDGE('',*,*,#2848,.F.) ;
#2863=ORIENTED_EDGE('',*,*,#1575,.F.) ;
#2864=ORIENTED_EDGE('',*,*,#2848,.T.) ;
#2865=ORIENTED_EDGE('',*,*,#2691,.T.) ;
#2866=ORIENTED_EDGE('',*,*,#2861,.F.) ;
#2870=ORIENTED_EDGE('',*,*,#2861,.T.) ;
#2871=ORIENTED_EDGE('',*,*,#2684,.T.) ;
#2872=ORIENTED_EDGE('',*,*,#1580,.T.) ;
#2900=ORIENTED_EDGE('',*,*,#2886,.F.) ;
#2901=ORIENTED_EDGE('',*,*,#2893,.T.) ;
#2902=ORIENTED_EDGE('',*,*,#2898,.T.) ;
#2903=ORIENTED_EDGE('',*,*,#1599,.F.) ;
#2912=ORIENTED_EDGE('',*,*,#2898,.F.) ;
#2913=ORIENTED_EDGE('',*,*,#2910,.T.) ;
#2914=ORIENTED_EDGE('',*,*,#2886,.T.) ;
#2915=ORIENTED_EDGE('',*,*,#1604,.F.) ;
#2943=ORIENTED_EDGE('',*,*,#2929,.F.) ;
#2944=ORIENTED_EDGE('',*,*,#2936,.T.) ;
#2945=ORIENTED_EDGE('',*,*,#2941,.T.) ;
#2946=ORIENTED_EDGE('',*,*,#1617,.F.) ;
#2955=ORIENTED_EDGE('',*,*,#2941,.F.) ;
#2956=ORIENTED_EDGE('',*,*,#2953,.T.) ;
#2957=ORIENTED_EDGE('',*,*,#2929,.T.) ;
#2958=ORIENTED_EDGE('',*,*,#1622,.F.) ;
#2962=ORIENTED_EDGE('',*,*,#1874,.F.) ;
#2963=ORIENTED_EDGE('',*,*,#1650,.F.) ;
#2964=ORIENTED_EDGE('',*,*,#1774,.F.) ;
#2968=ORIENTED_EDGE('',*,*,#2316,.T.) ;
#2969=ORIENTED_EDGE('',*,*,#1692,.T.) ;
#2970=ORIENTED_EDGE('',*,*,#1850,.T.) ;
#2998=ORIENTED_EDGE('',*,*,#2984,.F.) ;
#2999=ORIENTED_EDGE('',*,*,#2991,.T.) ;
#3000=ORIENTED_EDGE('',*,*,#2996,.T.) ;
#3001=ORIENTED_EDGE('',*,*,#1734,.F.) ;
#3010=ORIENTED_EDGE('',*,*,#2996,.F.) ;
#3011=ORIENTED_EDGE('',*,*,#3008,.T.) ;
#3012=ORIENTED_EDGE('',*,*,#2984,.T.) ;
#3013=ORIENTED_EDGE('',*,*,#1739,.F.) ;
#3041=ORIENTED_EDGE('',*,*,#3027,.F.) ;
#3042=ORIENTED_EDGE('',*,*,#3034,.T.) ;
#3043=ORIENTED_EDGE('',*,*,#3039,.T.) ;
#3044=ORIENTED_EDGE('',*,*,#1752,.F.) ;
#3053=ORIENTED_EDGE('',*,*,#3039,.F.) ;
#3054=ORIENTED_EDGE('',*,*,#3051,.T.) ;
#3055=ORIENTED_EDGE('',*,*,#3027,.T.) ;
#3056=ORIENTED_EDGE('',*,*,#1757,.F.) ;
#3060=ORIENTED_EDGE('',*,*,#2299,.T.) ;
#3061=ORIENTED_EDGE('',*,*,#1824,.T.) ;
#3062=ORIENTED_EDGE('',*,*,#2335,.T.) ;
#3090=ORIENTED_EDGE('',*,*,#1957,.F.) ;
#3091=ORIENTED_EDGE('',*,*,#3076,.F.) ;
#3092=ORIENTED_EDGE('',*,*,#3083,.T.) ;
#3093=ORIENTED_EDGE('',*,*,#3088,.T.) ;
#3094=ORIENTED_EDGE('',*,*,#1938,.F.) ;
#3103=ORIENTED_EDGE('',*,*,#1952,.F.) ;
#3104=ORIENTED_EDGE('',*,*,#1945,.F.) ;
#3105=ORIENTED_EDGE('',*,*,#3088,.F.) ;
#3106=ORIENTED_EDGE('',*,*,#3101,.T.) ;
#3107=ORIENTED_EDGE('',*,*,#3076,.T.) ;
#3116=ORIENTED_EDGE('',*,*,#2425,.T.) ;
#3117=ORIENTED_EDGE('',*,*,#2437,.T.) ;
#3134=ORIENTED_EDGE('',*,*,#3127,.F.) ;
#3135=ORIENTED_EDGE('',*,*,#3132,.F.) ;
#3144=ORIENTED_EDGE('',*,*,#2487,.T.) ;
#3145=ORIENTED_EDGE('',*,*,#2499,.T.) ;
#3162=ORIENTED_EDGE('',*,*,#3155,.F.) ;
#3163=ORIENTED_EDGE('',*,*,#3160,.F.) ;
#3167=ORIENTED_EDGE('',*,*,#2530,.T.) ;
#3168=ORIENTED_EDGE('',*,*,#2542,.T.) ;
#3185=ORIENTED_EDGE('',*,*,#3178,.F.) ;
#3186=ORIENTED_EDGE('',*,*,#3183,.F.) ;
#3190=ORIENTED_EDGE('',*,*,#2573,.T.) ;
#3191=ORIENTED_EDGE('',*,*,#2585,.T.) ;
#3208=ORIENTED_EDGE('',*,*,#3201,.F.) ;
#3209=ORIENTED_EDGE('',*,*,#3206,.F.) ;
#3213=ORIENTED_EDGE('',*,*,#2616,.T.) ;
#3214=ORIENTED_EDGE('',*,*,#2628,.T.) ;
#3231=ORIENTED_EDGE('',*,*,#3224,.F.) ;
#3232=ORIENTED_EDGE('',*,*,#3229,.F.) ;
#3241=ORIENTED_EDGE('',*,*,#2705,.T.) ;
#3242=ORIENTED_EDGE('',*,*,#2843,.F.) ;
#3243=ORIENTED_EDGE('',*,*,#2813,.F.) ;
#3244=ORIENTED_EDGE('',*,*,#2788,.T.) ;
#3263=ORIENTED_EDGE('',*,*,#3256,.F.) ;
#3264=ORIENTED_EDGE('',*,*,#2828,.T.) ;
#3265=ORIENTED_EDGE('',*,*,#3261,.T.) ;
#3266=ORIENTED_EDGE('',*,*,#2748,.F.) ;
#3270=ORIENTED_EDGE('',*,*,#3261,.F.) ;
#3271=ORIENTED_EDGE('',*,*,#2833,.T.) ;
#3272=ORIENTED_EDGE('',*,*,#3256,.T.) ;
#3273=ORIENTED_EDGE('',*,*,#2743,.F.) ;
#3277=ORIENTED_EDGE('',*,*,#2893,.F.) ;
#3278=ORIENTED_EDGE('',*,*,#2910,.F.) ;
#3295=ORIENTED_EDGE('',*,*,#3288,.T.) ;
#3296=ORIENTED_EDGE('',*,*,#3293,.T.) ;
#3300=ORIENTED_EDGE('',*,*,#2936,.F.) ;
#3301=ORIENTED_EDGE('',*,*,#2953,.F.) ;
#3318=ORIENTED_EDGE('',*,*,#3311,.T.) ;
#3319=ORIENTED_EDGE('',*,*,#3316,.T.) ;
#3323=ORIENTED_EDGE('',*,*,#2991,.F.) ;
#3324=ORIENTED_EDGE('',*,*,#3008,.F.) ;
#3341=ORIENTED_EDGE('',*,*,#3334,.T.) ;
#3342=ORIENTED_EDGE('',*,*,#3339,.T.) ;
#3346=ORIENTED_EDGE('',*,*,#3034,.F.) ;
#3347=ORIENTED_EDGE('',*,*,#3051,.F.) ;
#3364=ORIENTED_EDGE('',*,*,#3357,.T.) ;
#3365=ORIENTED_EDGE('',*,*,#3362,.T.) ;
#3383=ORIENTED_EDGE('',*,*,#3376,.T.) ;
#3384=ORIENTED_EDGE('',*,*,#3381,.T.) ;
#3387=ORIENTED_EDGE('',*,*,#3083,.F.) ;
#3388=ORIENTED_EDGE('',*,*,#3101,.F.) ;
#3407=ORIENTED_EDGE('',*,*,#3127,.T.) ;
#3408=ORIENTED_EDGE('',*,*,#3400,.F.) ;
#3409=ORIENTED_EDGE('',*,*,#3381,.F.) ;
#3410=ORIENTED_EDGE('',*,*,#3405,.T.) ;
#3414=ORIENTED_EDGE('',*,*,#3132,.T.) ;
#3415=ORIENTED_EDGE('',*,*,#3405,.F.) ;
#3416=ORIENTED_EDGE('',*,*,#3376,.F.) ;
#3417=ORIENTED_EDGE('',*,*,#3400,.T.) ;
#3436=ORIENTED_EDGE('',*,*,#3155,.T.) ;
#3437=ORIENTED_EDGE('',*,*,#3429,.F.) ;
#3438=ORIENTED_EDGE('',*,*,#3362,.F.) ;
#3439=ORIENTED_EDGE('',*,*,#3434,.T.) ;
#3443=ORIENTED_EDGE('',*,*,#3160,.T.) ;
#3444=ORIENTED_EDGE('',*,*,#3434,.F.) ;
#3445=ORIENTED_EDGE('',*,*,#3357,.F.) ;
#3446=ORIENTED_EDGE('',*,*,#3429,.T.) ;
#3465=ORIENTED_EDGE('',*,*,#3178,.T.) ;
#3466=ORIENTED_EDGE('',*,*,#3458,.F.) ;
#3467=ORIENTED_EDGE('',*,*,#3316,.F.) ;
#3468=ORIENTED_EDGE('',*,*,#3463,.T.) ;
#3472=ORIENTED_EDGE('',*,*,#3183,.T.) ;
#3473=ORIENTED_EDGE('',*,*,#3463,.F.) ;
#3474=ORIENTED_EDGE('',*,*,#3311,.F.) ;
#3475=ORIENTED_EDGE('',*,*,#3458,.T.) ;
#3494=ORIENTED_EDGE('',*,*,#3201,.T.) ;
#3495=ORIENTED_EDGE('',*,*,#3487,.F.) ;
#3496=ORIENTED_EDGE('',*,*,#3339,.F.) ;
#3497=ORIENTED_EDGE('',*,*,#3492,.T.) ;
#3501=ORIENTED_EDGE('',*,*,#3206,.T.) ;
#3502=ORIENTED_EDGE('',*,*,#3492,.F.) ;
#3503=ORIENTED_EDGE('',*,*,#3334,.F.) ;
#3504=ORIENTED_EDGE('',*,*,#3487,.T.) ;
#3523=ORIENTED_EDGE('',*,*,#3224,.T.) ;
#3524=ORIENTED_EDGE('',*,*,#3516,.F.) ;
#3525=ORIENTED_EDGE('',*,*,#3293,.F.) ;
#3526=ORIENTED_EDGE('',*,*,#3521,.T.) ;
#3530=ORIENTED_EDGE('',*,*,#3229,.T.) ;
#3531=ORIENTED_EDGE('',*,*,#3521,.F.) ;
#3532=ORIENTED_EDGE('',*,*,#3288,.F.) ;
#3533=ORIENTED_EDGE('',*,*,#3516,.T.) ;
#3542=ORIENTED_EDGE('',*,*,#1390,.T.) ;
#3543=ORIENTED_EDGE('',*,*,#1316,.F.) ;
#3544=ORIENTED_EDGE('',*,*,#1139,.T.) ;
#3545=ORIENTED_EDGE('',*,*,#962,.T.) ;
#3546=ORIENTED_EDGE('',*,*,#895,.F.) ;
#3547=ORIENTED_EDGE('',*,*,#848,.T.) ;
#3550=ORIENTED_EDGE('',*,*,#65,.T.) ;
#3551=ORIENTED_EDGE('',*,*,#1510,.F.) ;
#3552=ORIENTED_EDGE('',*,*,#645,.F.) ;
#3553=ORIENTED_EDGE('',*,*,#523,.T.) ;
#3554=ORIENTED_EDGE('',*,*,#256,.T.) ;
#3562=ORIENTED_EDGE('',*,*,#1434,.T.) ;
#3563=ORIENTED_EDGE('',*,*,#1979,.T.) ;
#3564=ORIENTED_EDGE('',*,*,#1881,.T.) ;
#3565=ORIENTED_EDGE('',*,*,#1781,.T.) ;
#3566=ORIENTED_EDGE('',*,*,#1636,.F.) ;
#3567=ORIENTED_EDGE('',*,*,#3560,.F.) ;
#3581=ORIENTED_EDGE('',*,*,#1711,.T.) ;
#3582=ORIENTED_EDGE('',*,*,#3579,.T.) ;
#3583=ORIENTED_EDGE('',*,*,#2347,.T.) ;
#3584=ORIENTED_EDGE('',*,*,#2664,.F.) ;
#3585=ORIENTED_EDGE('',*,*,#1351,.T.) ;
#3586=ORIENTED_EDGE('',*,*,#2652,.T.) ;
#3587=ORIENTED_EDGE('',*,*,#1439,.T.) ;
#3588=ORIENTED_EDGE('',*,*,#3560,.T.) ;
#3597=ORIENTED_EDGE('',*,*,#1002,.F.) ;
#3598=ORIENTED_EDGE('',*,*,#1179,.T.) ;
#3599=ORIENTED_EDGE('',*,*,#1299,.T.) ;
#3600=ORIENTED_EDGE('',*,*,#2268,.F.) ;
#3601=ORIENTED_EDGE('',*,*,#860,.F.) ;
#3602=ORIENTED_EDGE('',*,*,#888,.F.) ;
#3605=ORIENTED_EDGE('',*,*,#806,.F.) ;
#3606=ORIENTED_EDGE('',*,*,#607,.F.) ;
#3607=ORIENTED_EDGE('',*,*,#1458,.T.) ;
#3608=ORIENTED_EDGE('',*,*,#79,.T.) ;
#3609=ORIENTED_EDGE('',*,*,#310,.F.) ;
#3612=ORIENTED_EDGE('',*,*,#1706,.T.) ;
#3613=ORIENTED_EDGE('',*,*,#2311,.F.) ;
#3614=ORIENTED_EDGE('',*,*,#1838,.T.) ;
#3615=ORIENTED_EDGE('',*,*,#2294,.F.) ;
#3616=ORIENTED_EDGE('',*,*,#2330,.F.) ;
#3617=ORIENTED_EDGE('',*,*,#3579,.F.) ;
#211=FACE_BOUND('',#208,.T.) ;
#363=FACE_BOUND('',#354,.T.) ;
#503=FACE_BOUND('',#500,.T.) ;
#704=FACE_BOUND('',#701,.T.) ;
#722=FACE_BOUND('',#719,.T.) ;
#740=FACE_BOUND('',#737,.T.) ;
#758=FACE_BOUND('',#755,.T.) ;
#949=FACE_BOUND('',#946,.T.) ;
#1053=FACE_BOUND('',#1050,.T.) ;
#1071=FACE_BOUND('',#1068,.T.) ;
#1089=FACE_BOUND('',#1086,.T.) ;
#1107=FACE_BOUND('',#1104,.T.) ;
#1211=FACE_BOUND('',#1208,.T.) ;
#1229=FACE_BOUND('',#1226,.T.) ;
#1247=FACE_BOUND('',#1244,.T.) ;
#1265=FACE_BOUND('',#1262,.T.) ;
#1590=FACE_BOUND('',#1581,.T.) ;
#1608=FACE_BOUND('',#1605,.T.) ;
#1626=FACE_BOUND('',#1623,.T.) ;
#1743=FACE_BOUND('',#1740,.T.) ;
#1761=FACE_BOUND('',#1758,.T.) ;
#1963=FACE_BOUND('',#1958,.T.) ;
#2752=FACE_BOUND('',#2749,.T.) ;
#2837=FACE_BOUND('',#2834,.T.) ;
#3136=FACE_BOUND('',#3133,.T.) ;
#3164=FACE_BOUND('',#3161,.T.) ;
#3187=FACE_BOUND('',#3184,.T.) ;
#3210=FACE_BOUND('',#3207,.T.) ;
#3233=FACE_BOUND('',#3230,.T.) ;
#3297=FACE_BOUND('',#3294,.T.) ;
#3320=FACE_BOUND('',#3317,.T.) ;
#3343=FACE_BOUND('',#3340,.T.) ;
#3366=FACE_BOUND('',#3363,.T.) ;
#3389=FACE_BOUND('',#3386,.T.) ;
#3555=FACE_BOUND('',#3549,.T.) ;
#3568=FACE_BOUND('',#3561,.T.) ;
#3610=FACE_BOUND('',#3604,.T.) ;
#3618=FACE_BOUND('',#3611,.T.) ;
#51=CLOSED_SHELL('Closed Shell',(#91,#131,#212,#244,#364,#375,#399,#422,#434,#445,#476,#488,#504,#535,#551,#759,#785,#801,#813,#869,#950,#1108,#1266,#1375,#1397,#1448,#1627,#1762,#1793,#1964,#1986,#2016,#2033,#2058,#2075,#2086,#2099,#2116,#2124,#2140,#2147,#2169,#2176,#2198,#2205,#2227,#2234,#2256,#2263,#2280,#2306,#2323,#2356,#2375,#2387,#2401,#2432,#2444,#2451,#2463,#2494,#2506,#2537,#2549,#2580,#2592,#2623,#2635,#2641,#2647,#2659,#2671,#2677,#2753,#2764,#2781,#2801,#2838,#2856,#2868,#2874,#2905,#2917,#2948,#2960,#2966,#2972,#3003,#3015,#3046,#3058,#3064,#3096,#3109,#3137,#3165,#3188,#3211,#3234,#3246,#3268,#3275,#3298,#3321,#3344,#3367,#3390,#3412,#3419,#3441,#3448,#3470,#3477,#3499,#3506,#3528,#3535,#3569,#3590,#3619)) ;
#59=VECTOR('Line Direction',#58,1.) ;
#68=VECTOR('Line Direction',#67,1.) ;
#75=VECTOR('Line Direction',#74,1.) ;
#82=VECTOR('Line Direction',#81,1.) ;
#99=VECTOR('Line Direction',#98,1.) ;
#108=VECTOR('Line Direction',#107,1.) ;
#115=VECTOR('Line Direction',#114,1.) ;
#122=VECTOR('Line Direction',#121,1.) ;
#139=VECTOR('Line Direction',#138,1.) ;
#146=VECTOR('Line Direction',#145,1.) ;
#153=VECTOR('Line Direction',#152,1.) ;
#160=VECTOR('Line Direction',#159,1.) ;
#167=VECTOR('Line Direction',#166,1.) ;
#174=VECTOR('Line Direction',#173,1.) ;
#181=VECTOR('Line Direction',#180,1.) ;
#220=VECTOR('Line Direction',#219,1.) ;
#227=VECTOR('Line Direction',#226,1.) ;
#234=VECTOR('Line Direction',#233,1.) ;
#252=VECTOR('Line Direction',#251,1.) ;
#259=VECTOR('Line Direction',#258,1.) ;
#266=VECTOR('Line Direction',#265,1.) ;
#273=VECTOR('Line Direction',#272,1.) ;
#280=VECTOR('Line Direction',#279,1.) ;
#287=VECTOR('Line Direction',#286,1.) ;
#294=VECTOR('Line Direction',#293,1.) ;
#301=VECTOR('Line Direction',#300,1.) ;
#308=VECTOR('Line Direction',#307,1.) ;
#325=VECTOR('Line Direction',#324,1.) ;
#332=VECTOR('Line Direction',#331,1.) ;
#339=VECTOR('Line Direction',#338,1.) ;
#346=VECTOR('Line Direction',#345,1.) ;
#351=VECTOR('Line Direction',#350,1.) ;
#383=VECTOR('Line Direction',#382,1.) ;
#390=VECTOR('Line Direction',#389,1.) ;
#407=VECTOR('Line Direction',#406,1.) ;
#412=VECTOR('Line Direction',#411,1.) ;
#425=VECTOR('Line Direction',#424,1.) ;
#453=VECTOR('Line Direction',#452,1.) ;
#467=VECTOR('Line Direction',#466,1.) ;
#512=VECTOR('Line Direction',#511,1.) ;
#519=VECTOR('Line Direction',#518,1.) ;
#526=VECTOR('Line Direction',#525,1.) ;
#543=VECTOR('Line Direction',#542,1.) ;
#559=VECTOR('Line Direction',#558,1.) ;
#568=VECTOR('Line Direction',#567,1.) ;
#575=VECTOR('Line Direction',#574,1.) ;
#582=VECTOR('Line Direction',#581,1.) ;
#589=VECTOR('Line Direction',#588,1.) ;
#596=VECTOR('Line Direction',#595,1.) ;
#603=VECTOR('Line Direction',#602,1.) ;
#610=VECTOR('Line Direction',#609,1.) ;
#617=VECTOR('Line Direction',#616,1.) ;
#622=VECTOR('Line Direction',#621,1.) ;
#629=VECTOR('Line Direction',#628,1.) ;
#636=VECTOR('Line Direction',#635,1.) ;
#641=VECTOR('Line Direction',#640,1.) ;
#648=VECTOR('Line Direction',#647,1.) ;
#655=VECTOR('Line Direction',#654,1.) ;
#662=VECTOR('Line Direction',#661,1.) ;
#762=VECTOR('Line Direction',#761,1.) ;
#769=VECTOR('Line Direction',#768,1.) ;
#776=VECTOR('Line Direction',#775,1.) ;
#793=VECTOR('Line Direction',#792,1.) ;
#804=VECTOR('Line Direction',#803,1.) ;
#821=VECTOR('Line Direction',#820,1.) ;
#830=VECTOR('Line Direction',#829,1.) ;
#837=VECTOR('Line Direction',#836,1.) ;
#844=VECTOR('Line Direction',#843,1.) ;
#851=VECTOR('Line Direction',#850,1.) ;
#858=VECTOR('Line Direction',#857,1.) ;
#877=VECTOR('Line Direction',#876,1.) ;
#886=VECTOR('Line Direction',#885,1.) ;
#891=VECTOR('Line Direction',#890,1.) ;
#898=VECTOR('Line Direction',#897,1.) ;
#905=VECTOR('Line Direction',#904,1.) ;
#912=VECTOR('Line Direction',#911,1.) ;
#919=VECTOR('Line Direction',#918,1.) ;
#958=VECTOR('Line Direction',#957,1.) ;
#965=VECTOR('Line Direction',#964,1.) ;
#972=VECTOR('Line Direction',#971,1.) ;
#979=VECTOR('Line Direction',#978,1.) ;
#986=VECTOR('Line Direction',#985,1.) ;
#993=VECTOR('Line Direction',#992,1.) ;
#1000=VECTOR('Line Direction',#999,1.) ;
#1005=VECTOR('Line Direction',#1004,1.) ;
#1012=VECTOR('Line Direction',#1011,1.) ;
#1019=VECTOR('Line Direction',#1018,1.) ;
#1116=VECTOR('Line Direction',#1115,1.) ;
#1123=VECTOR('Line Direction',#1122,1.) ;
#1130=VECTOR('Line Direction',#1129,1.) ;
#1135=VECTOR('Line Direction',#1134,1.) ;
#1142=VECTOR('Line Direction',#1141,1.) ;
#1149=VECTOR('Line Direction',#1148,1.) ;
#1156=VECTOR('Line Direction',#1155,1.) ;
#1163=VECTOR('Line Direction',#1162,1.) ;
#1170=VECTOR('Line Direction',#1169,1.) ;
#1177=VECTOR('Line Direction',#1176,1.) ;
#1274=VECTOR('Line Direction',#1273,1.) ;
#1283=VECTOR('Line Direction',#1282,1.) ;
#1290=VECTOR('Line Direction',#1289,1.) ;
#1297=VECTOR('Line Direction',#1296,1.) ;
#1302=VECTOR('Line Direction',#1301,1.) ;
#1307=VECTOR('Line Direction',#1306,1.) ;
#1312=VECTOR('Line Direction',#1311,1.) ;
#1319=VECTOR('Line Direction',#1318,1.) ;
#1326=VECTOR('Line Direction',#1325,1.) ;
#1333=VECTOR('Line Direction',#1332,1.) ;
#1340=VECTOR('Line Direction',#1339,1.) ;
#1347=VECTOR('Line Direction',#1346,1.) ;
#1354=VECTOR('Line Direction',#1353,1.) ;
#1383=VECTOR('Line Direction',#1382,1.) ;
#1388=VECTOR('Line Direction',#1387,1.) ;
#1400=VECTOR('Line Direction',#1399,1.) ;
#1409=VECTOR('Line Direction',#1408,1.) ;
#1416=VECTOR('Line Direction',#1415,1.) ;
#1423=VECTOR('Line Direction',#1422,1.) ;
#1430=VECTOR('Line Direction',#1429,1.) ;
#1437=VECTOR('Line Direction',#1436,1.) ;
#1456=VECTOR('Line Direction',#1455,1.) ;
#1461=VECTOR('Line Direction',#1460,1.) ;
#1468=VECTOR('Line Direction',#1467,1.) ;
#1475=VECTOR('Line Direction',#1474,1.) ;
#1482=VECTOR('Line Direction',#1481,1.) ;
#1489=VECTOR('Line Direction',#1488,1.) ;
#1496=VECTOR('Line Direction',#1495,1.) ;
#1503=VECTOR('Line Direction',#1502,1.) ;
#1508=VECTOR('Line Direction',#1507,1.) ;
#1527=VECTOR('Line Direction',#1526,1.) ;
#1536=VECTOR('Line Direction',#1535,1.) ;
#1543=VECTOR('Line Direction',#1542,1.) ;
#1550=VECTOR('Line Direction',#1549,1.) ;
#1557=VECTOR('Line Direction',#1556,1.) ;
#1564=VECTOR('Line Direction',#1563,1.) ;
#1571=VECTOR('Line Direction',#1570,1.) ;
#1578=VECTOR('Line Direction',#1577,1.) ;
#1630=VECTOR('Line Direction',#1629,1.) ;
#1639=VECTOR('Line Direction',#1638,1.) ;
#1646=VECTOR('Line Direction',#1645,1.) ;
#1653=VECTOR('Line Direction',#1652,1.) ;
#1660=VECTOR('Line Direction',#1659,1.) ;
#1667=VECTOR('Line Direction',#1666,1.) ;
#1674=VECTOR('Line Direction',#1673,1.) ;
#1681=VECTOR('Line Direction',#1680,1.) ;
#1688=VECTOR('Line Direction',#1687,1.) ;
#1695=VECTOR('Line Direction',#1694,1.) ;
#1702=VECTOR('Line Direction',#1701,1.) ;
#1709=VECTOR('Line Direction',#1708,1.) ;
#1770=VECTOR('Line Direction',#1769,1.) ;
#1777=VECTOR('Line Direction',#1776,1.) ;
#1784=VECTOR('Line Direction',#1783,1.) ;
#1801=VECTOR('Line Direction',#1800,1.) ;
#1806=VECTOR('Line Direction',#1805,1.) ;
#1813=VECTOR('Line Direction',#1812,1.) ;
#1820=VECTOR('Line Direction',#1819,1.) ;
#1827=VECTOR('Line Direction',#1826,1.) ;
#1834=VECTOR('Line Direction',#1833,1.) ;
#1841=VECTOR('Line Direction',#1840,1.) ;
#1848=VECTOR('Line Direction',#1847,1.) ;
#1853=VECTOR('Line Direction',#1852,1.) ;
#1860=VECTOR('Line Direction',#1859,1.) ;
#1867=VECTOR('Line Direction',#1866,1.) ;
#1872=VECTOR('Line Direction',#1871,1.) ;
#1877=VECTOR('Line Direction',#1876,1.) ;
#1884=VECTOR('Line Direction',#1883,1.) ;
#1891=VECTOR('Line Direction',#1890,1.) ;
#1896=VECTOR('Line Direction',#1895,1.) ;
#1901=VECTOR('Line Direction',#1900,1.) ;
#1972=VECTOR('Line Direction',#1971,1.) ;
#1977=VECTOR('Line Direction',#1976,1.) ;
#1994=VECTOR('Line Direction',#1993,1.) ;
#1999=VECTOR('Line Direction',#1998,1.) ;
#2004=VECTOR('Line Direction',#2003,1.) ;
#2024=VECTOR('Line Direction',#2023,1.) ;
#2041=VECTOR('Line Direction',#2040,1.) ;
#2046=VECTOR('Line Direction',#2045,1.) ;
#2066=VECTOR('Line Direction',#2065,1.) ;
#2089=VECTOR('Line Direction',#2088,1.) ;
#2107=VECTOR('Line Direction',#2106,1.) ;
#2132=VECTOR('Line Direction',#2131,1.) ;
#2155=VECTOR('Line Direction',#2154,1.) ;
#2160=VECTOR('Line Direction',#2159,1.) ;
#2184=VECTOR('Line Direction',#2183,1.) ;
#2189=VECTOR('Line Direction',#2188,1.) ;
#2213=VECTOR('Line Direction',#2212,1.) ;
#2218=VECTOR('Line Direction',#2217,1.) ;
#2242=VECTOR('Line Direction',#2241,1.) ;
#2247=VECTOR('Line Direction',#2246,1.) ;
#2266=VECTOR('Line Direction',#2265,1.) ;
#2271=VECTOR('Line Direction',#2270,1.) ;
#2283=VECTOR('Line Direction',#2282,1.) ;
#2292=VECTOR('Line Direction',#2291,1.) ;
#2297=VECTOR('Line Direction',#2296,1.) ;
#2309=VECTOR('Line Direction',#2308,1.) ;
#2314=VECTOR('Line Direction',#2313,1.) ;
#2326=VECTOR('Line Direction',#2325,1.) ;
#2333=VECTOR('Line Direction',#2332,1.) ;
#2338=VECTOR('Line Direction',#2337,1.) ;
#2345=VECTOR('Line Direction',#2344,1.) ;
#2359=VECTOR('Line Direction',#2358,1.) ;
#2364=VECTOR('Line Direction',#2363,1.) ;
#2378=VECTOR('Line Direction',#2377,1.) ;
#2390=VECTOR('Line Direction',#2389,1.) ;
#2409=VECTOR('Line Direction',#2408,1.) ;
#2416=VECTOR('Line Direction',#2415,1.) ;
#2471=VECTOR('Line Direction',#2470,1.) ;
#2478=VECTOR('Line Direction',#2477,1.) ;
#2514=VECTOR('Line Direction',#2513,1.) ;
#2521=VECTOR('Line Direction',#2520,1.) ;
#2557=VECTOR('Line Direction',#2556,1.) ;
#2564=VECTOR('Line Direction',#2563,1.) ;
#2600=VECTOR('Line Direction',#2599,1.) ;
#2607=VECTOR('Line Direction',#2606,1.) ;
#2650=VECTOR('Line Direction',#2649,1.) ;
#2662=VECTOR('Line Direction',#2661,1.) ;
#2680=VECTOR('Line Direction',#2679,1.) ;
#2687=VECTOR('Line Direction',#2686,1.) ;
#2694=VECTOR('Line Direction',#2693,1.) ;
#2701=VECTOR('Line Direction',#2700,1.) ;
#2708=VECTOR('Line Direction',#2707,1.) ;
#2715=VECTOR('Line Direction',#2714,1.) ;
#2722=VECTOR('Line Direction',#2721,1.) ;
#2756=VECTOR('Line Direction',#2755,1.) ;
#2772=VECTOR('Line Direction',#2771,1.) ;
#2784=VECTOR('Line Direction',#2783,1.) ;
#2791=VECTOR('Line Direction',#2790,1.) ;
#2804=VECTOR('Line Direction',#2803,1.) ;
#2811=VECTOR('Line Direction',#2810,1.) ;
#2841=VECTOR('Line Direction',#2840,1.) ;
#2846=VECTOR('Line Direction',#2845,1.) ;
#2859=VECTOR('Line Direction',#2858,1.) ;
#2882=VECTOR('Line Direction',#2881,1.) ;
#2896=VECTOR('Line Direction',#2895,1.) ;
#2925=VECTOR('Line Direction',#2924,1.) ;
#2939=VECTOR('Line Direction',#2938,1.) ;
#2980=VECTOR('Line Direction',#2979,1.) ;
#2994=VECTOR('Line Direction',#2993,1.) ;
#3023=VECTOR('Line Direction',#3022,1.) ;
#3037=VECTOR('Line Direction',#3036,1.) ;
#3072=VECTOR('Line Direction',#3071,1.) ;
#3086=VECTOR('Line Direction',#3085,1.) ;
#3254=VECTOR('Line Direction',#3253,1.) ;
#3259=VECTOR('Line Direction',#3258,1.) ;
#3398=VECTOR('Line Direction',#3397,1.) ;
#3403=VECTOR('Line Direction',#3402,1.) ;
#3427=VECTOR('Line Direction',#3426,1.) ;
#3432=VECTOR('Line Direction',#3431,1.) ;
#3456=VECTOR('Line Direction',#3455,1.) ;
#3461=VECTOR('Line Direction',#3460,1.) ;
#3485=VECTOR('Line Direction',#3484,1.) ;
#3490=VECTOR('Line Direction',#3489,1.) ;
#3514=VECTOR('Line Direction',#3513,1.) ;
#3519=VECTOR('Line Direction',#3518,1.) ;
#3558=VECTOR('Line Direction',#3557,1.) ;
#3577=VECTOR('Line Direction',#3576,1.) ;
#3621=ADVANCED_BREP_SHAPE_REPRESENTATION('NONE',(#3620),#46) ;
#49=SHAPE_REPRESENTATION(' ',(#48),#46) ;
#91=ADVANCED_FACE('PartBody',(#90),#56,.F.) ;
#131=ADVANCED_FACE('PartBody',(#130),#96,.F.) ;
#212=ADVANCED_FACE('PartBody',(#193,#211),#136,.F.) ;
#244=ADVANCED_FACE('PartBody',(#243),#217,.T.) ;
#364=ADVANCED_FACE('PartBody',(#322,#363),#249,.T.) ;
#375=ADVANCED_FACE('PartBody',(#374),#369,.T.) ;
#399=ADVANCED_FACE('PartBody',(#398),#380,.T.) ;
#422=ADVANCED_FACE('PartBody',(#421),#404,.T.) ;
#434=ADVANCED_FACE('PartBody',(#433),#96,.F.) ;
#445=ADVANCED_FACE('PartBody',(#444),#439,.F.) ;
#476=ADVANCED_FACE('PartBody',(#475),#450,.F.) ;
#488=ADVANCED_FACE('PartBody',(#487),#450,.F.) ;
#504=ADVANCED_FACE('PartBody',(#499,#503),#493,.T.) ;
#535=ADVANCED_FACE('PartBody',(#534),#509,.T.) ;
#551=ADVANCED_FACE('PartBody',(#550),#540,.F.) ;
#759=ADVANCED_FACE('PartBody',(#686,#704,#722,#740,#758),#556,.T.) ;
#785=ADVANCED_FACE('PartBody',(#784),#556,.F.) ;
#801=ADVANCED_FACE('PartBody',(#800),#790,.T.) ;
#813=ADVANCED_FACE('PartBody',(#812),#509,.T.) ;
#869=ADVANCED_FACE('PartBody',(#868),#818,.F.) ;
#950=ADVANCED_FACE('PartBody',(#931,#949),#874,.T.) ;
#1108=ADVANCED_FACE('PartBody',(#1035,#1053,#1071,#1089,#1107),#955,.T.) ;
#1266=ADVANCED_FACE('PartBody',(#1193,#1211,#1229,#1247,#1265),#1113,.F.) ;
#1375=ADVANCED_FACE('PartBody',(#1374),#1271,.T.) ;
#1397=ADVANCED_FACE('PartBody',(#1396),#1380,.F.) ;
#1448=ADVANCED_FACE('PartBody',(#1447),#249,.T.) ;
#1627=ADVANCED_FACE('PartBody',(#1524,#1590,#1608,#1626),#1453,.T.) ;
#1762=ADVANCED_FACE('PartBody',(#1725,#1743,#1761),#1453,.T.) ;
#1793=ADVANCED_FACE('PartBody',(#1792),#1767,.T.) ;
#1964=ADVANCED_FACE('PartBody',(#1929,#1963),#1798,.F.) ;
#1986=ADVANCED_FACE('PartBody',(#1985),#1969,.F.) ;
#2016=ADVANCED_FACE('PartBody',(#2015),#1991,.F.) ;
#2033=ADVANCED_FACE('PartBody',(#2032),#2021,.F.) ;
#2058=ADVANCED_FACE('PartBody',(#2057),#2038,.F.) ;
#2075=ADVANCED_FACE('PartBody',(#2074),#2063,.F.) ;
#2086=ADVANCED_FACE('PartBody',(#2085),#2080,.F.) ;
#2099=ADVANCED_FACE('PartBody',(#2098),#2038,.F.) ;
#2116=ADVANCED_FACE('PartBody',(#2115),#2104,.T.) ;
#2124=ADVANCED_FACE('PartBody',(#2123),#1991,.F.) ;
#2140=ADVANCED_FACE('PartBody',(#2139),#2129,.T.) ;
#2147=ADVANCED_FACE('PartBody',(#2146),#2063,.F.) ;
#2169=ADVANCED_FACE('PartBody',(#2168),#2152,.F.) ;
#2176=ADVANCED_FACE('PartBody',(#2175),#2152,.F.) ;
#2198=ADVANCED_FACE('PartBody',(#2197),#2181,.F.) ;
#2205=ADVANCED_FACE('PartBody',(#2204),#2181,.F.) ;
#2227=ADVANCED_FACE('PartBody',(#2226),#2210,.F.) ;
#2234=ADVANCED_FACE('PartBody',(#2233),#2210,.F.) ;
#2256=ADVANCED_FACE('PartBody',(#2255),#2239,.F.) ;
#2263=ADVANCED_FACE('PartBody',(#2262),#2239,.F.) ;
#2280=ADVANCED_FACE('PartBody',(#2279),#1380,.F.) ;
#2306=ADVANCED_FACE('PartBody',(#2305),#1969,.F.) ;
#2323=ADVANCED_FACE('PartBody',(#2322),#1767,.T.) ;
#2356=ADVANCED_FACE('PartBody',(#2355),#249,.T.) ;
#2375=ADVANCED_FACE('PartBody',(#2374),#1991,.F.) ;
#2387=ADVANCED_FACE('PartBody',(#2386),#2021,.F.) ;
#2401=ADVANCED_FACE('PartBody',(#2400),#2038,.F.) ;
#2432=ADVANCED_FACE('PartBody',(#2431),#2406,.T.) ;
#2444=ADVANCED_FACE('PartBody',(#2443),#2406,.T.) ;
#2451=ADVANCED_FACE('PartBody',(#2450),#556,.F.) ;
#2463=ADVANCED_FACE('PartBody',(#2462),#2456,.T.) ;
#2494=ADVANCED_FACE('PartBody',(#2493),#2468,.T.) ;
#2506=ADVANCED_FACE('PartBody',(#2505),#2468,.T.) ;
#2537=ADVANCED_FACE('PartBody',(#2536),#2511,.T.) ;
#2549=ADVANCED_FACE('PartBody',(#2548),#2511,.T.) ;
#2580=ADVANCED_FACE('PartBody',(#2579),#2554,.T.) ;
#2592=ADVANCED_FACE('PartBody',(#2591),#2554,.T.) ;
#2623=ADVANCED_FACE('PartBody',(#2622),#2597,.T.) ;
#2635=ADVANCED_FACE('PartBody',(#2634),#2597,.T.) ;
#2641=ADVANCED_FACE('PartBody',(#2640),#790,.T.) ;
#2647=ADVANCED_FACE('PartBody',(#2646),#540,.F.) ;
#2659=ADVANCED_FACE('PartBody',(#2658),#1991,.F.) ;
#2671=ADVANCED_FACE('PartBody',(#2670),#2038,.F.) ;
#2677=ADVANCED_FACE('PartBody',(#2676),#540,.F.) ;
#2753=ADVANCED_FACE('PartBody',(#2734,#2752),#136,.F.) ;
#2764=ADVANCED_FACE('PartBody',(#2763),#439,.F.) ;
#2781=ADVANCED_FACE('PartBody',(#2780),#2769,.F.) ;
#2801=ADVANCED_FACE('PartBody',(#2800),#404,.T.) ;
#2838=ADVANCED_FACE('PartBody',(#2819,#2837),#493,.T.) ;
#2856=ADVANCED_FACE('PartBody',(#2855),#217,.T.) ;
#2868=ADVANCED_FACE('PartBody',(#2867),#2769,.F.) ;
#2874=ADVANCED_FACE('PartBody',(#2873),#369,.T.) ;
#2905=ADVANCED_FACE('PartBody',(#2904),#2879,.F.) ;
#2917=ADVANCED_FACE('PartBody',(#2916),#2879,.F.) ;
#2948=ADVANCED_FACE('PartBody',(#2947),#2922,.F.) ;
#2960=ADVANCED_FACE('PartBody',(#2959),#2922,.F.) ;
#2966=ADVANCED_FACE('PartBody',(#2965),#540,.F.) ;
#2972=ADVANCED_FACE('PartBody',(#2971),#790,.T.) ;
#3003=ADVANCED_FACE('PartBody',(#3002),#2977,.F.) ;
#3015=ADVANCED_FACE('PartBody',(#3014),#2977,.F.) ;
#3046=ADVANCED_FACE('PartBody',(#3045),#3020,.F.) ;
#3058=ADVANCED_FACE('PartBody',(#3057),#3020,.F.) ;
#3064=ADVANCED_FACE('PartBody',(#3063),#790,.T.) ;
#3096=ADVANCED_FACE('PartBody',(#3095),#3069,.F.) ;
#3109=ADVANCED_FACE('PartBody',(#3108),#3069,.F.) ;
#3137=ADVANCED_FACE('PartBody',(#3118,#3136),#3114,.T.) ;
#3165=ADVANCED_FACE('PartBody',(#3146,#3164),#3142,.T.) ;
#3188=ADVANCED_FACE('PartBody',(#3169,#3187),#3142,.T.) ;
#3211=ADVANCED_FACE('PartBody',(#3192,#3210),#3142,.T.) ;
#3234=ADVANCED_FACE('PartBody',(#3215,#3233),#3142,.T.) ;
#3246=ADVANCED_FACE('PartBody',(#3245),#3239,.T.) ;
#3268=ADVANCED_FACE('PartBody',(#3267),#3251,.F.) ;
#3275=ADVANCED_FACE('PartBody',(#3274),#3251,.F.) ;
#3298=ADVANCED_FACE('PartBody',(#3279,#3297),#955,.F.) ;
#3321=ADVANCED_FACE('PartBody',(#3302,#3320),#955,.F.) ;
#3344=ADVANCED_FACE('PartBody',(#3325,#3343),#955,.F.) ;
#3367=ADVANCED_FACE('PartBody',(#3348,#3366),#955,.F.) ;
#3390=ADVANCED_FACE('PartBody',(#3385,#3389),#874,.T.) ;
#3412=ADVANCED_FACE('PartBody',(#3411),#3395,.F.) ;
#3419=ADVANCED_FACE('PartBody',(#3418),#3395,.F.) ;
#3441=ADVANCED_FACE('PartBody',(#3440),#3424,.F.) ;
#3448=ADVANCED_FACE('PartBody',(#3447),#3424,.F.) ;
#3470=ADVANCED_FACE('PartBody',(#3469),#3453,.F.) ;
#3477=ADVANCED_FACE('PartBody',(#3476),#3453,.F.) ;
#3499=ADVANCED_FACE('PartBody',(#3498),#3482,.F.) ;
#3506=ADVANCED_FACE('PartBody',(#3505),#3482,.F.) ;
#3528=ADVANCED_FACE('PartBody',(#3527),#3511,.F.) ;
#3535=ADVANCED_FACE('PartBody',(#3534),#3511,.F.) ;
#3569=ADVANCED_FACE('PartBody',(#3548,#3555,#3568),#3540,.F.) ;
#3590=ADVANCED_FACE('PartBody',(#3589),#3574,.F.) ;
#3619=ADVANCED_FACE('PartBody',(#3603,#3610,#3618),#3595,.F.) ;
#4=APPLICATION_PROTOCOL_DEFINITION('international standard','config_control_design',1994,#1) ;
#32=APPROVAL_DATE_TIME(#13,#21) ;
#3620=MANIFOLD_SOLID_BREP('PartBody',#51) ;
#11=CALENDAR_DATE(2026,22,7) ;
#30=CC_DESIGN_APPROVAL(#21,(#16,#6,#14)) ;
#18=CC_DESIGN_DATE_AND_TIME_ASSIGNMENT(#13,#17,(#16)) ;
#29=CC_DESIGN_DATE_AND_TIME_ASSIGNMENT(#13,#28,(#14)) ;
#17=DATE_TIME_ROLE('classification_date') ;
#28=DATE_TIME_ROLE('creation_date') ;
#27=CC_DESIGN_PERSON_AND_ORGANIZATION_ASSIGNMENT(#25,#26,(#16)) ;
#33=CC_DESIGN_PERSON_AND_ORGANIZATION_ASSIGNMENT(#25,#34,(#6)) ;
#35=CC_DESIGN_PERSON_AND_ORGANIZATION_ASSIGNMENT(#25,#36,(#6,#14)) ;
#37=CC_DESIGN_PERSON_AND_ORGANIZATION_ASSIGNMENT(#25,#38,(#5)) ;
#26=PERSON_AND_ORGANIZATION_ROLE('classification_officer') ;
#34=PERSON_AND_ORGANIZATION_ROLE('design_supplier') ;
#36=PERSON_AND_ORGANIZATION_ROLE('creator') ;
#38=PERSON_AND_ORGANIZATION_ROLE('design_owner') ;
#39=CC_DESIGN_SECURITY_CLASSIFICATION(#16,(#6)) ;
#197=CIRCLE('generated circle',#196,1.85) ;
#206=CIRCLE('generated circle',#205,1.85) ;
#461=CIRCLE('generated circle',#460,1.85) ;
#480=CIRCLE('generated circle',#479,1.85) ;
#690=CIRCLE('generated circle',#689,1.7) ;
#699=CIRCLE('generated circle',#698,1.7) ;
#708=CIRCLE('generated circle',#707,1.7) ;
#717=CIRCLE('generated circle',#716,1.7) ;
#726=CIRCLE('generated circle',#725,1.7) ;
#735=CIRCLE('generated circle',#734,1.7) ;
#744=CIRCLE('generated circle',#743,1.7) ;
#753=CIRCLE('generated circle',#752,1.7) ;
#935=CIRCLE('generated circle',#934,17.5) ;
#944=CIRCLE('generated circle',#943,17.5) ;
#1039=CIRCLE('generated circle',#1038,3.75) ;
#1048=CIRCLE('generated circle',#1047,3.75) ;
#1057=CIRCLE('generated circle',#1056,3.75) ;
#1066=CIRCLE('generated circle',#1065,3.75) ;
#1075=CIRCLE('generated circle',#1074,3.75) ;
#1084=CIRCLE('generated circle',#1083,3.75) ;
#1093=CIRCLE('generated circle',#1092,3.75) ;
#1102=CIRCLE('generated circle',#1101,3.75) ;
#1197=CIRCLE('generated circle',#1196,1.7) ;
#1206=CIRCLE('generated circle',#1205,1.7) ;
#1215=CIRCLE('generated circle',#1214,1.7) ;
#1224=CIRCLE('generated circle',#1223,1.7) ;
#1233=CIRCLE('generated circle',#1232,1.7) ;
#1242=CIRCLE('generated circle',#1241,1.7) ;
#1251=CIRCLE('generated circle',#1250,1.7) ;
#1260=CIRCLE('generated circle',#1259,1.7) ;
#1594=CIRCLE('generated circle',#1593,1.85) ;
#1603=CIRCLE('generated circle',#1602,1.85) ;
#1612=CIRCLE('generated circle',#1611,1.85) ;
#1621=CIRCLE('generated circle',#1620,1.85) ;
#1729=CIRCLE('generated circle',#1728,1.85) ;
#1738=CIRCLE('generated circle',#1737,1.85) ;
#1747=CIRCLE('generated circle',#1746,1.85) ;
#1756=CIRCLE('generated circle',#1755,1.85) ;
#1933=CIRCLE('generated circle',#1932,3.5) ;
#1942=CIRCLE('generated circle',#1941,3.5) ;
#1949=CIRCLE('generated circle',#1948,3.5) ;
#1956=CIRCLE('generated circle',#1955,3.5) ;
#2424=CIRCLE('generated circle',#2423,17.5) ;
#2436=CIRCLE('generated circle',#2435,17.5) ;
#2486=CIRCLE('generated circle',#2485,3.75) ;
#2498=CIRCLE('generated circle',#2497,3.75) ;
#2529=CIRCLE('generated circle',#2528,3.75) ;
#2541=CIRCLE('generated circle',#2540,3.75) ;
#2572=CIRCLE('generated circle',#2571,3.75) ;
#2584=CIRCLE('generated circle',#2583,3.75) ;
#2615=CIRCLE('generated circle',#2614,3.75) ;
#2627=CIRCLE('generated circle',#2626,3.75) ;
#2738=CIRCLE('generated circle',#2737,1.85) ;
#2747=CIRCLE('generated circle',#2746,1.85) ;
#2823=CIRCLE('generated circle',#2822,1.85) ;
#2832=CIRCLE('generated circle',#2831,1.85) ;
#2890=CIRCLE('generated circle',#2889,1.85) ;
#2909=CIRCLE('generated circle',#2908,1.85) ;
#2933=CIRCLE('generated circle',#2932,1.85) ;
#2952=CIRCLE('generated circle',#2951,1.85) ;
#2988=CIRCLE('generated circle',#2987,1.85) ;
#3007=CIRCLE('generated circle',#3006,1.85) ;
#3031=CIRCLE('generated circle',#3030,1.85) ;
#3050=CIRCLE('generated circle',#3049,1.85) ;
#3080=CIRCLE('generated circle',#3079,3.5) ;
#3100=CIRCLE('generated circle',#3099,3.5) ;
#3122=CIRCLE('generated circle',#3121,14.5) ;
#3131=CIRCLE('generated circle',#3130,14.5) ;
#3150=CIRCLE('generated circle',#3149,1.75) ;
#3159=CIRCLE('generated circle',#3158,1.75) ;
#3173=CIRCLE('generated circle',#3172,1.75) ;
#3182=CIRCLE('generated circle',#3181,1.75) ;
#3196=CIRCLE('generated circle',#3195,1.75) ;
#3205=CIRCLE('generated circle',#3204,1.75) ;
#3219=CIRCLE('generated circle',#3218,1.75) ;
#3228=CIRCLE('generated circle',#3227,1.75) ;
#3283=CIRCLE('generated circle',#3282,1.75) ;
#3292=CIRCLE('generated circle',#3291,1.75) ;
#3306=CIRCLE('generated circle',#3305,1.75) ;
#3315=CIRCLE('generated circle',#3314,1.75) ;
#3329=CIRCLE('generated circle',#3328,1.75) ;
#3338=CIRCLE('generated circle',#3337,1.75) ;
#3352=CIRCLE('generated circle',#3351,1.75) ;
#3361=CIRCLE('generated circle',#3360,1.75) ;
#3371=CIRCLE('generated circle',#3370,14.5) ;
#3380=CIRCLE('generated circle',#3379,14.5) ;
#3622=SHAPE_REPRESENTATION_RELATIONSHIP(' ',' ',#49,#3621) ;
#450=CYLINDRICAL_SURFACE('generated cylinder',#449,1.85) ;
#2152=CYLINDRICAL_SURFACE('generated cylinder',#2151,1.7) ;
#2181=CYLINDRICAL_SURFACE('generated cylinder',#2180,1.7) ;
#2210=CYLINDRICAL_SURFACE('generated cylinder',#2209,1.7) ;
#2239=CYLINDRICAL_SURFACE('generated cylinder',#2238,1.7) ;
#2406=CYLINDRICAL_SURFACE('generated cylinder',#2405,17.5) ;
#2468=CYLINDRICAL_SURFACE('generated cylinder',#2467,3.75) ;
#2511=CYLINDRICAL_SURFACE('generated cylinder',#2510,3.75) ;
#2554=CYLINDRICAL_SURFACE('generated cylinder',#2553,3.75) ;
#2597=CYLINDRICAL_SURFACE('generated cylinder',#2596,3.75) ;
#2879=CYLINDRICAL_SURFACE('generated cylinder',#2878,1.85) ;
#2922=CYLINDRICAL_SURFACE('generated cylinder',#2921,1.85) ;
#2977=CYLINDRICAL_SURFACE('generated cylinder',#2976,1.85) ;
#3020=CYLINDRICAL_SURFACE('generated cylinder',#3019,1.85) ;
#3069=CYLINDRICAL_SURFACE('generated cylinder',#3068,3.5) ;
#3251=CYLINDRICAL_SURFACE('generated cylinder',#3250,1.85) ;
#3395=CYLINDRICAL_SURFACE('generated cylinder',#3394,14.5) ;
#3424=CYLINDRICAL_SURFACE('generated cylinder',#3423,1.75) ;
#3453=CYLINDRICAL_SURFACE('generated cylinder',#3452,1.75) ;
#3482=CYLINDRICAL_SURFACE('generated cylinder',#3481,1.75) ;
#3511=CYLINDRICAL_SURFACE('generated cylinder',#3510,1.75) ;
#3=DESIGN_CONTEXT(' ',#1,'design') ;
#65=EDGE_CURVE('',#62,#64,#60,.F.) ;
#72=EDGE_CURVE('',#71,#62,#69,.T.) ;
#79=EDGE_CURVE('',#78,#71,#76,.F.) ;
#84=EDGE_CURVE('',#64,#78,#83,.T.) ;
#105=EDGE_CURVE('',#102,#104,#100,.T.) ;
#112=EDGE_CURVE('',#102,#111,#109,.T.) ;
#119=EDGE_CURVE('',#111,#118,#116,.T.) ;
#124=EDGE_CURVE('',#104,#118,#123,.T.) ;
#143=EDGE_CURVE('',#142,#104,#140,.T.) ;
#150=EDGE_CURVE('',#149,#142,#147,.F.) ;
#157=EDGE_CURVE('',#149,#156,#154,.T.) ;
#164=EDGE_CURVE('',#163,#156,#161,.T.) ;
#171=EDGE_CURVE('',#170,#163,#168,.F.) ;
#178=EDGE_CURVE('',#177,#170,#175,.F.) ;
#183=EDGE_CURVE('',#102,#177,#182,.F.) ;
#202=EDGE_CURVE('',#199,#201,#197,.T.) ;
#207=EDGE_CURVE('',#201,#199,#206,.T.) ;
#224=EDGE_CURVE('',#223,#177,#221,.T.) ;
#231=EDGE_CURVE('',#230,#223,#228,.F.) ;
#236=EDGE_CURVE('',#230,#111,#235,.T.) ;
#256=EDGE_CURVE('',#255,#62,#253,.T.) ;
#263=EDGE_CURVE('',#255,#262,#260,.T.) ;
#270=EDGE_CURVE('',#262,#269,#267,.T.) ;
#277=EDGE_CURVE('',#269,#276,#274,.T.) ;
#284=EDGE_CURVE('',#276,#283,#281,.T.) ;
#291=EDGE_CURVE('',#283,#290,#288,.T.) ;
#298=EDGE_CURVE('',#297,#290,#295,.T.) ;
#305=EDGE_CURVE('',#304,#297,#302,.T.) ;
#310=EDGE_CURVE('',#304,#71,#309,.T.) ;
#329=EDGE_CURVE('',#328,#230,#326,.F.) ;
#336=EDGE_CURVE('',#328,#335,#333,.T.) ;
#343=EDGE_CURVE('',#335,#342,#340,.T.) ;
#348=EDGE_CURVE('',#342,#149,#347,.T.) ;
#353=EDGE_CURVE('',#118,#142,#352,.T.) ;
#387=EDGE_CURVE('',#386,#170,#384,.T.) ;
#392=EDGE_CURVE('',#223,#386,#391,.F.) ;
#409=EDGE_CURVE('',#163,#335,#408,.T.) ;
#414=EDGE_CURVE('',#386,#328,#413,.F.) ;
#427=EDGE_CURVE('',#156,#342,#426,.T.) ;
#457=EDGE_CURVE('',#456,#201,#454,.F.) ;
#464=EDGE_CURVE('',#456,#463,#461,.T.) ;
#469=EDGE_CURVE('',#463,#199,#468,.F.) ;
#481=EDGE_CURVE('',#463,#456,#480,.T.) ;
#516=EDGE_CURVE('',#515,#262,#513,.F.) ;
#523=EDGE_CURVE('',#522,#255,#520,.F.) ;
#528=EDGE_CURVE('',#522,#515,#527,.T.) ;
#545=EDGE_CURVE('',#269,#515,#544,.T.) ;
#565=EDGE_CURVE('',#562,#564,#560,.T.) ;
#572=EDGE_CURVE('',#571,#562,#569,.F.) ;
#579=EDGE_CURVE('',#578,#571,#576,.T.) ;
#586=EDGE_CURVE('',#578,#585,#583,.T.) ;
#593=EDGE_CURVE('',#585,#592,#590,.T.) ;
#600=EDGE_CURVE('',#599,#592,#597,.T.) ;
#607=EDGE_CURVE('',#599,#606,#604,.F.) ;
#614=EDGE_CURVE('',#606,#613,#611,.T.) ;
#619=EDGE_CURVE('',#290,#613,#618,.T.) ;
#626=EDGE_CURVE('',#625,#283,#623,.F.) ;
#633=EDGE_CURVE('',#632,#625,#630,.T.) ;
#638=EDGE_CURVE('',#276,#632,#637,.F.) ;
#645=EDGE_CURVE('',#522,#644,#642,.F.) ;
#652=EDGE_CURVE('',#651,#644,#649,.T.) ;
#659=EDGE_CURVE('',#658,#651,#656,.T.) ;
#664=EDGE_CURVE('',#564,#658,#663,.T.) ;
#695=EDGE_CURVE('',#692,#694,#690,.T.) ;
#700=EDGE_CURVE('',#694,#692,#699,.T.) ;
#713=EDGE_CURVE('',#710,#712,#708,.T.) ;
#718=EDGE_CURVE('',#712,#710,#717,.T.) ;
#731=EDGE_CURVE('',#728,#730,#726,.T.) ;
#736=EDGE_CURVE('',#730,#728,#735,.T.) ;
#749=EDGE_CURVE('',#746,#748,#744,.T.) ;
#754=EDGE_CURVE('',#748,#746,#753,.T.) ;
#766=EDGE_CURVE('',#765,#276,#763,.F.) ;
#773=EDGE_CURVE('',#772,#765,#770,.T.) ;
#778=EDGE_CURVE('',#283,#772,#777,.F.) ;
#795=EDGE_CURVE('',#613,#297,#794,.F.) ;
#806=EDGE_CURVE('',#606,#304,#805,.F.) ;
#827=EDGE_CURVE('',#824,#826,#822,.T.) ;
#834=EDGE_CURVE('',#826,#833,#831,.T.) ;
#841=EDGE_CURVE('',#833,#840,#838,.T.) ;
#848=EDGE_CURVE('',#847,#840,#845,.T.) ;
#855=EDGE_CURVE('',#854,#847,#852,.T.) ;
#860=EDGE_CURVE('',#854,#824,#859,.T.) ;
#883=EDGE_CURVE('',#880,#882,#878,.T.) ;
#888=EDGE_CURVE('',#882,#854,#887,.F.) ;
#895=EDGE_CURVE('',#847,#894,#892,.F.) ;
#902=EDGE_CURVE('',#894,#901,#899,.T.) ;
#909=EDGE_CURVE('',#908,#901,#906,.F.) ;
#916=EDGE_CURVE('',#915,#908,#913,.T.) ;
#921=EDGE_CURVE('',#880,#915,#920,.F.) ;
#940=EDGE_CURVE('',#937,#939,#935,.T.) ;
#945=EDGE_CURVE('',#939,#937,#944,.T.) ;
#962=EDGE_CURVE('',#961,#894,#959,.T.) ;
#969=EDGE_CURVE('',#961,#968,#966,.T.) ;
#976=EDGE_CURVE('',#975,#968,#973,.T.) ;
#983=EDGE_CURVE('',#975,#982,#980,.F.) ;
#990=EDGE_CURVE('',#982,#989,#987,.T.) ;
#997=EDGE_CURVE('',#989,#996,#994,.T.) ;
#1002=EDGE_CURVE('',#996,#882,#1001,.T.) ;
#1009=EDGE_CURVE('',#880,#1008,#1006,.T.) ;
#1016=EDGE_CURVE('',#1015,#1008,#1013,.T.) ;
#1021=EDGE_CURVE('',#901,#1015,#1020,.T.) ;
#1044=EDGE_CURVE('',#1041,#1043,#1039,.T.) ;
#1049=EDGE_CURVE('',#1043,#1041,#1048,.T.) ;
#1062=EDGE_CURVE('',#1059,#1061,#1057,.T.) ;
#1067=EDGE_CURVE('',#1061,#1059,#1066,.T.) ;
#1080=EDGE_CURVE('',#1077,#1079,#1075,.T.) ;
#1085=EDGE_CURVE('',#1079,#1077,#1084,.T.) ;
#1098=EDGE_CURVE('',#1095,#1097,#1093,.T.) ;
#1103=EDGE_CURVE('',#1097,#1095,#1102,.T.) ;
#1120=EDGE_CURVE('',#989,#1119,#1117,.T.) ;
#1127=EDGE_CURVE('',#1119,#1126,#1124,.F.) ;
#1132=EDGE_CURVE('',#1126,#968,#1131,.T.) ;
#1139=EDGE_CURVE('',#1138,#961,#1136,.F.) ;
#1146=EDGE_CURVE('',#1145,#1138,#1143,.T.) ;
#1153=EDGE_CURVE('',#1145,#1152,#1150,.F.) ;
#1160=EDGE_CURVE('',#1152,#1159,#1157,.T.) ;
#1167=EDGE_CURVE('',#1159,#1166,#1164,.F.) ;
#1174=EDGE_CURVE('',#1173,#1166,#1171,.T.) ;
#1179=EDGE_CURVE('',#996,#1173,#1178,.F.) ;
#1202=EDGE_CURVE('',#1199,#1201,#1197,.T.) ;
#1207=EDGE_CURVE('',#1201,#1199,#1206,.T.) ;
#1220=EDGE_CURVE('',#1217,#1219,#1215,.T.) ;
#1225=EDGE_CURVE('',#1219,#1217,#1224,.T.) ;
#1238=EDGE_CURVE('',#1235,#1237,#1233,.T.) ;
#1243=EDGE_CURVE('',#1237,#1235,#1242,.T.) ;
#1256=EDGE_CURVE('',#1253,#1255,#1251,.T.) ;
#1261=EDGE_CURVE('',#1255,#1253,#1260,.T.) ;
#1280=EDGE_CURVE('',#1277,#1279,#1275,.T.) ;
#1287=EDGE_CURVE('',#1286,#1277,#1284,.T.) ;
#1294=EDGE_CURVE('',#1293,#1286,#1291,.T.) ;
#1299=EDGE_CURVE('',#1173,#1293,#1298,.T.) ;
#1304=EDGE_CURVE('',#772,#1166,#1303,.T.) ;
#1309=EDGE_CURVE('',#765,#1145,#1308,.T.) ;
#1316=EDGE_CURVE('',#1138,#1315,#1313,.T.) ;
#1323=EDGE_CURVE('',#1315,#1322,#1320,.T.) ;
#1330=EDGE_CURVE('',#1322,#1329,#1327,.T.) ;
#1337=EDGE_CURVE('',#1336,#1329,#1334,.T.) ;
#1344=EDGE_CURVE('',#1343,#1336,#1341,.T.) ;
#1351=EDGE_CURVE('',#1350,#1343,#1348,.F.) ;
#1356=EDGE_CURVE('',#1279,#1350,#1355,.T.) ;
#1385=EDGE_CURVE('',#833,#1322,#1384,.T.) ;
#1390=EDGE_CURVE('',#840,#1315,#1389,.T.) ;
#1406=EDGE_CURVE('',#1403,#1405,#1401,.T.) ;
#1413=EDGE_CURVE('',#1412,#1405,#1410,.T.) ;
#1420=EDGE_CURVE('',#1412,#1419,#1417,.T.) ;
#1427=EDGE_CURVE('',#1426,#1419,#1424,.T.) ;
#1434=EDGE_CURVE('',#1433,#1426,#1431,.T.) ;
#1439=EDGE_CURVE('',#1403,#1433,#1438,.T.) ;
#1458=EDGE_CURVE('',#599,#78,#1457,.T.) ;
#1465=EDGE_CURVE('',#592,#1464,#1462,.T.) ;
#1472=EDGE_CURVE('',#1471,#1464,#1469,.T.) ;
#1479=EDGE_CURVE('',#1478,#1471,#1476,.T.) ;
#1486=EDGE_CURVE('',#1478,#1485,#1483,.T.) ;
#1493=EDGE_CURVE('',#1485,#1492,#1490,.T.) ;
#1500=EDGE_CURVE('',#1492,#1499,#1497,.T.) ;
#1505=EDGE_CURVE('',#651,#1499,#1504,.T.) ;
#1510=EDGE_CURVE('',#644,#64,#1509,.T.) ;
#1533=EDGE_CURVE('',#1530,#1532,#1528,.F.) ;
#1540=EDGE_CURVE('',#1532,#1539,#1537,.F.) ;
#1547=EDGE_CURVE('',#1546,#1539,#1544,.T.) ;
#1554=EDGE_CURVE('',#1553,#1546,#1551,.T.) ;
#1561=EDGE_CURVE('',#1560,#1553,#1558,.F.) ;
#1568=EDGE_CURVE('',#1560,#1567,#1565,.T.) ;
#1575=EDGE_CURVE('',#1567,#1574,#1572,.T.) ;
#1580=EDGE_CURVE('',#1530,#1574,#1579,.F.) ;
#1599=EDGE_CURVE('',#1596,#1598,#1594,.F.) ;
#1604=EDGE_CURVE('',#1598,#1596,#1603,.F.) ;
#1617=EDGE_CURVE('',#1614,#1616,#1612,.F.) ;
#1622=EDGE_CURVE('',#1616,#1614,#1621,.F.) ;
#1636=EDGE_CURVE('',#1633,#1635,#1631,.T.) ;
#1643=EDGE_CURVE('',#1635,#1642,#1640,.T.) ;
#1650=EDGE_CURVE('',#1642,#1649,#1647,.F.) ;
#1657=EDGE_CURVE('',#1649,#1656,#1654,.T.) ;
#1664=EDGE_CURVE('',#1656,#1663,#1661,.T.) ;
#1671=EDGE_CURVE('',#1663,#1670,#1668,.T.) ;
#1678=EDGE_CURVE('',#1677,#1670,#1675,.T.) ;
#1685=EDGE_CURVE('',#1677,#1684,#1682,.T.) ;
#1692=EDGE_CURVE('',#1691,#1684,#1689,.F.) ;
#1699=EDGE_CURVE('',#1698,#1691,#1696,.T.) ;
#1706=EDGE_CURVE('',#1705,#1698,#1703,.T.) ;
#1711=EDGE_CURVE('',#1633,#1705,#1710,.T.) ;
#1734=EDGE_CURVE('',#1731,#1733,#1729,.F.) ;
#1739=EDGE_CURVE('',#1733,#1731,#1738,.F.) ;
#1752=EDGE_CURVE('',#1749,#1751,#1747,.F.) ;
#1757=EDGE_CURVE('',#1751,#1749,#1756,.F.) ;
#1774=EDGE_CURVE('',#1773,#1642,#1771,.F.) ;
#1781=EDGE_CURVE('',#1780,#1635,#1778,.F.) ;
#1786=EDGE_CURVE('',#1780,#1773,#1785,.T.) ;
#1803=EDGE_CURVE('',#1277,#826,#1802,.T.) ;
#1810=EDGE_CURVE('',#1279,#1809,#1807,.T.) ;
#1817=EDGE_CURVE('',#1809,#1816,#1814,.T.) ;
#1824=EDGE_CURVE('',#1823,#1816,#1821,.T.) ;
#1831=EDGE_CURVE('',#1830,#1823,#1828,.T.) ;
#1838=EDGE_CURVE('',#1837,#1830,#1835,.F.) ;
#1845=EDGE_CURVE('',#1837,#1844,#1842,.T.) ;
#1850=EDGE_CURVE('',#1684,#1844,#1849,.F.) ;
#1857=EDGE_CURVE('',#1677,#1856,#1854,.T.) ;
#1864=EDGE_CURVE('',#1863,#1856,#1861,.T.) ;
#1869=EDGE_CURVE('',#1656,#1863,#1868,.T.) ;
#1874=EDGE_CURVE('',#1649,#1773,#1873,.F.) ;
#1881=EDGE_CURVE('',#1880,#1780,#1878,.F.) ;
#1888=EDGE_CURVE('',#1880,#1887,#1885,.T.) ;
#1893=EDGE_CURVE('',#1887,#1412,#1892,.T.) ;
#1898=EDGE_CURVE('',#1336,#1405,#1897,.T.) ;
#1903=EDGE_CURVE('',#1329,#833,#1902,.T.) ;
#1938=EDGE_CURVE('',#1935,#1937,#1933,.T.) ;
#1945=EDGE_CURVE('',#1937,#1944,#1942,.T.) ;
#1952=EDGE_CURVE('',#1944,#1951,#1949,.T.) ;
#1957=EDGE_CURVE('',#1951,#1935,#1956,.T.) ;
#1974=EDGE_CURVE('',#1419,#1887,#1973,.T.) ;
#1979=EDGE_CURVE('',#1426,#1880,#1978,.T.) ;
#1996=EDGE_CURVE('',#1485,#975,#1995,.T.) ;
#2001=EDGE_CURVE('',#562,#1126,#2000,.T.) ;
#2006=EDGE_CURVE('',#1492,#564,#2005,.T.) ;
#2026=EDGE_CURVE('',#571,#1119,#2025,.T.) ;
#2043=EDGE_CURVE('',#1471,#578,#2042,.T.) ;
#2048=EDGE_CURVE('',#982,#1478,#2047,.T.) ;
#2068=EDGE_CURVE('',#1464,#585,#2067,.T.) ;
#2091=EDGE_CURVE('',#625,#1159,#2090,.T.) ;
#2109=EDGE_CURVE('',#632,#1152,#2108,.T.) ;
#2134=EDGE_CURVE('',#1499,#658,#2133,.T.) ;
#2157=EDGE_CURVE('',#1199,#694,#2156,.T.) ;
#2162=EDGE_CURVE('',#1201,#692,#2161,.T.) ;
#2186=EDGE_CURVE('',#1217,#712,#2185,.T.) ;
#2191=EDGE_CURVE('',#1219,#710,#2190,.T.) ;
#2215=EDGE_CURVE('',#1235,#730,#2214,.T.) ;
#2220=EDGE_CURVE('',#1237,#728,#2219,.T.) ;
#2244=EDGE_CURVE('',#1253,#748,#2243,.T.) ;
#2249=EDGE_CURVE('',#1255,#746,#2248,.T.) ;
#2268=EDGE_CURVE('',#824,#1293,#2267,.T.) ;
#2273=EDGE_CURVE('',#826,#1286,#2272,.T.) ;
#2289=EDGE_CURVE('',#2286,#2288,#2284,.T.) ;
#2294=EDGE_CURVE('',#2286,#1830,#2293,.T.) ;
#2299=EDGE_CURVE('',#2288,#1823,#2298,.T.) ;
#2311=EDGE_CURVE('',#1837,#1698,#2310,.F.) ;
#2316=EDGE_CURVE('',#1844,#1691,#2315,.F.) ;
#2330=EDGE_CURVE('',#2329,#2286,#2327,.T.) ;
#2335=EDGE_CURVE('',#1816,#2288,#2334,.T.) ;
#2342=EDGE_CURVE('',#1809,#2341,#2339,.T.) ;
#2347=EDGE_CURVE('',#2329,#2341,#2346,.T.) ;
#2361=EDGE_CURVE('',#908,#1863,#2360,.T.) ;
#2366=EDGE_CURVE('',#1663,#1015,#2365,.F.) ;
#2380=EDGE_CURVE('',#915,#1856,#2379,.T.) ;
#2392=EDGE_CURVE('',#1008,#1670,#2391,.F.) ;
#2413=EDGE_CURVE('',#937,#2412,#2410,.T.) ;
#2420=EDGE_CURVE('',#939,#2419,#2417,.T.) ;
#2425=EDGE_CURVE('',#2412,#2419,#2424,.T.) ;
#2437=EDGE_CURVE('',#2419,#2412,#2436,.T.) ;
#2475=EDGE_CURVE('',#1041,#2474,#2472,.T.) ;
#2482=EDGE_CURVE('',#1043,#2481,#2479,.T.) ;
#2487=EDGE_CURVE('',#2474,#2481,#2486,.T.) ;
#2499=EDGE_CURVE('',#2481,#2474,#2498,.T.) ;
#2518=EDGE_CURVE('',#1059,#2517,#2515,.T.) ;
#2525=EDGE_CURVE('',#1061,#2524,#2522,.T.) ;
#2530=EDGE_CURVE('',#2517,#2524,#2529,.T.) ;
#2542=EDGE_CURVE('',#2524,#2517,#2541,.T.) ;
#2561=EDGE_CURVE('',#1077,#2560,#2558,.T.) ;
#2568=EDGE_CURVE('',#1079,#2567,#2565,.T.) ;
#2573=EDGE_CURVE('',#2560,#2567,#2572,.T.) ;
#2585=EDGE_CURVE('',#2567,#2560,#2584,.T.) ;
#2604=EDGE_CURVE('',#1095,#2603,#2601,.T.) ;
#2611=EDGE_CURVE('',#1097,#2610,#2608,.T.) ;
#2616=EDGE_CURVE('',#2603,#2610,#2615,.T.) ;
#2628=EDGE_CURVE('',#2610,#2603,#2627,.T.) ;
#2652=EDGE_CURVE('',#1343,#1403,#2651,.T.) ;
#2664=EDGE_CURVE('',#1350,#2341,#2663,.T.) ;
#2684=EDGE_CURVE('',#2683,#1530,#2681,.F.) ;
#2691=EDGE_CURVE('',#2690,#2683,#2688,.T.) ;
#2698=EDGE_CURVE('',#2697,#2690,#2695,.F.) ;
#2705=EDGE_CURVE('',#2704,#2697,#2702,.F.) ;
#2712=EDGE_CURVE('',#2711,#2704,#2709,.F.) ;
#2719=EDGE_CURVE('',#2711,#2718,#2716,.T.) ;
#2724=EDGE_CURVE('',#2718,#1532,#2723,.F.) ;
#2743=EDGE_CURVE('',#2740,#2742,#2738,.T.) ;
#2748=EDGE_CURVE('',#2742,#2740,#2747,.T.) ;
#2758=EDGE_CURVE('',#1539,#2718,#2757,.T.) ;
#2774=EDGE_CURVE('',#1546,#2711,#2773,.T.) ;
#2788=EDGE_CURVE('',#2787,#2704,#2785,.T.) ;
#2793=EDGE_CURVE('',#1553,#2787,#2792,.F.) ;
#2808=EDGE_CURVE('',#2807,#1560,#2805,.F.) ;
#2813=EDGE_CURVE('',#2787,#2807,#2812,.F.) ;
#2828=EDGE_CURVE('',#2825,#2827,#2823,.T.) ;
#2833=EDGE_CURVE('',#2827,#2825,#2832,.T.) ;
#2843=EDGE_CURVE('',#2807,#2697,#2842,.T.) ;
#2848=EDGE_CURVE('',#1567,#2690,#2847,.T.) ;
#2861=EDGE_CURVE('',#1574,#2683,#2860,.T.) ;
#2886=EDGE_CURVE('',#2885,#1596,#2883,.F.) ;
#2893=EDGE_CURVE('',#2885,#2892,#2890,.T.) ;
#2898=EDGE_CURVE('',#2892,#1598,#2897,.F.) ;
#2910=EDGE_CURVE('',#2892,#2885,#2909,.T.) ;
#2929=EDGE_CURVE('',#2928,#1614,#2926,.F.) ;
#2936=EDGE_CURVE('',#2928,#2935,#2933,.T.) ;
#2941=EDGE_CURVE('',#2935,#1616,#2940,.F.) ;
#2953=EDGE_CURVE('',#2935,#2928,#2952,.T.) ;
#2984=EDGE_CURVE('',#2983,#1731,#2981,.F.) ;
#2991=EDGE_CURVE('',#2983,#2990,#2988,.T.) ;
#2996=EDGE_CURVE('',#2990,#1733,#2995,.F.) ;
#3008=EDGE_CURVE('',#2990,#2983,#3007,.T.) ;
#3027=EDGE_CURVE('',#3026,#1749,#3024,.F.) ;
#3034=EDGE_CURVE('',#3026,#3033,#3031,.T.) ;
#3039=EDGE_CURVE('',#3033,#1751,#3038,.F.) ;
#3051=EDGE_CURVE('',#3033,#3026,#3050,.T.) ;
#3076=EDGE_CURVE('',#3075,#1951,#3073,.F.) ;
#3083=EDGE_CURVE('',#3075,#3082,#3080,.T.) ;
#3088=EDGE_CURVE('',#3082,#1937,#3087,.F.) ;
#3101=EDGE_CURVE('',#3082,#3075,#3100,.T.) ;
#3127=EDGE_CURVE('',#3124,#3126,#3122,.T.) ;
#3132=EDGE_CURVE('',#3126,#3124,#3131,.T.) ;
#3155=EDGE_CURVE('',#3152,#3154,#3150,.T.) ;
#3160=EDGE_CURVE('',#3154,#3152,#3159,.T.) ;
#3178=EDGE_CURVE('',#3175,#3177,#3173,.T.) ;
#3183=EDGE_CURVE('',#3177,#3175,#3182,.T.) ;
#3201=EDGE_CURVE('',#3198,#3200,#3196,.T.) ;
#3206=EDGE_CURVE('',#3200,#3198,#3205,.T.) ;
#3224=EDGE_CURVE('',#3221,#3223,#3219,.T.) ;
#3229=EDGE_CURVE('',#3223,#3221,#3228,.T.) ;
#3256=EDGE_CURVE('',#2825,#2742,#3255,.F.) ;
#3261=EDGE_CURVE('',#2827,#2740,#3260,.F.) ;
#3288=EDGE_CURVE('',#3285,#3287,#3283,.T.) ;
#3293=EDGE_CURVE('',#3287,#3285,#3292,.T.) ;
#3311=EDGE_CURVE('',#3308,#3310,#3306,.T.) ;
#3316=EDGE_CURVE('',#3310,#3308,#3315,.T.) ;
#3334=EDGE_CURVE('',#3331,#3333,#3329,.T.) ;
#3339=EDGE_CURVE('',#3333,#3331,#3338,.T.) ;
#3357=EDGE_CURVE('',#3354,#3356,#3352,.T.) ;
#3362=EDGE_CURVE('',#3356,#3354,#3361,.T.) ;
#3376=EDGE_CURVE('',#3373,#3375,#3371,.T.) ;
#3381=EDGE_CURVE('',#3375,#3373,#3380,.T.) ;
#3400=EDGE_CURVE('',#3373,#3126,#3399,.T.) ;
#3405=EDGE_CURVE('',#3375,#3124,#3404,.T.) ;
#3429=EDGE_CURVE('',#3354,#3154,#3428,.T.) ;
#3434=EDGE_CURVE('',#3356,#3152,#3433,.T.) ;
#3458=EDGE_CURVE('',#3308,#3177,#3457,.T.) ;
#3463=EDGE_CURVE('',#3310,#3175,#3462,.T.) ;
#3487=EDGE_CURVE('',#3331,#3200,#3486,.T.) ;
#3492=EDGE_CURVE('',#3333,#3198,#3491,.T.) ;
#3516=EDGE_CURVE('',#3285,#3223,#3515,.T.) ;
#3521=EDGE_CURVE('',#3287,#3221,#3520,.T.) ;
#3560=EDGE_CURVE('',#1433,#1633,#3559,.F.) ;
#3579=EDGE_CURVE('',#1705,#2329,#3578,.F.) ;
#85=EDGE_LOOP('',(#86,#87,#88,#89)) ;
#125=EDGE_LOOP('',(#126,#127,#128,#129)) ;
#184=EDGE_LOOP('',(#185,#186,#187,#188,#189,#190,#191,#192)) ;
#208=EDGE_LOOP('',(#209,#210)) ;
#237=EDGE_LOOP('',(#238,#239,#240,#241,#242)) ;
#311=EDGE_LOOP('',(#312,#313,#314,#315,#316,#317,#318,#319,#320,#321)) ;
#354=EDGE_LOOP('',(#355,#356,#357,#358,#359,#360,#361,#362)) ;
#370=EDGE_LOOP('',(#371,#372,#373)) ;
#393=EDGE_LOOP('',(#394,#395,#396,#397)) ;
#415=EDGE_LOOP('',(#416,#417,#418,#419,#420)) ;
#428=EDGE_LOOP('',(#429,#430,#431,#432)) ;
#440=EDGE_LOOP('',(#441,#442,#443)) ;
#470=EDGE_LOOP('',(#471,#472,#473,#474)) ;
#482=EDGE_LOOP('',(#483,#484,#485,#486)) ;
#494=EDGE_LOOP('',(#495,#496,#497,#498)) ;
#500=EDGE_LOOP('',(#501,#502)) ;
#529=EDGE_LOOP('',(#530,#531,#532,#533)) ;
#546=EDGE_LOOP('',(#547,#548,#549)) ;
#665=EDGE_LOOP('',(#666,#667,#668,#669,#670,#671,#672,#673,#674,#675,#676,#677,#678,#679,#680,#681,#682,#683,#684,#685)) ;
#701=EDGE_LOOP('',(#702,#703)) ;
#719=EDGE_LOOP('',(#720,#721)) ;
#737=EDGE_LOOP('',(#738,#739)) ;
#755=EDGE_LOOP('',(#756,#757)) ;
#779=EDGE_LOOP('',(#780,#781,#782,#783)) ;
#796=EDGE_LOOP('',(#797,#798,#799)) ;
#807=EDGE_LOOP('',(#808,#809,#810,#811)) ;
#861=EDGE_LOOP('',(#862,#863,#864,#865,#866,#867)) ;
#922=EDGE_LOOP('',(#923,#924,#925,#926,#927,#928,#929,#930)) ;
#946=EDGE_LOOP('',(#947,#948)) ;
#1022=EDGE_LOOP('',(#1023,#1024,#1025,#1026,#1027,#1028,#1029,#1030,#1031,#1032,#1033,#1034)) ;
#1050=EDGE_LOOP('',(#1051,#1052)) ;
#1068=EDGE_LOOP('',(#1069,#1070)) ;
#1086=EDGE_LOOP('',(#1087,#1088)) ;
#1104=EDGE_LOOP('',(#1105,#1106)) ;
#1180=EDGE_LOOP('',(#1181,#1182,#1183,#1184,#1185,#1186,#1187,#1188,#1189,#1190,#1191,#1192)) ;
#1208=EDGE_LOOP('',(#1209,#1210)) ;
#1226=EDGE_LOOP('',(#1227,#1228)) ;
#1244=EDGE_LOOP('',(#1245,#1246)) ;
#1262=EDGE_LOOP('',(#1263,#1264)) ;
#1357=EDGE_LOOP('',(#1358,#1359,#1360,#1361,#1362,#1363,#1364,#1365,#1366,#1367,#1368,#1369,#1370,#1371,#1372,#1373)) ;
#1391=EDGE_LOOP('',(#1392,#1393,#1394,#1395)) ;
#1440=EDGE_LOOP('',(#1441,#1442,#1443,#1444,#1445,#1446)) ;
#1511=EDGE_LOOP('',(#1512,#1513,#1514,#1515,#1516,#1517,#1518,#1519,#1520,#1521,#1522,#1523)) ;
#1581=EDGE_LOOP('',(#1582,#1583,#1584,#1585,#1586,#1587,#1588,#1589)) ;
#1605=EDGE_LOOP('',(#1606,#1607)) ;
#1623=EDGE_LOOP('',(#1624,#1625)) ;
#1712=EDGE_LOOP('',(#1713,#1714,#1715,#1716,#1717,#1718,#1719,#1720,#1721,#1722,#1723,#1724)) ;
#1740=EDGE_LOOP('',(#1741,#1742)) ;
#1758=EDGE_LOOP('',(#1759,#1760)) ;
#1787=EDGE_LOOP('',(#1788,#1789,#1790,#1791)) ;
#1904=EDGE_LOOP('',(#1905,#1906,#1907,#1908,#1909,#1910,#1911,#1912,#1913,#1914,#1915,#1916,#1917,#1918,#1919,#1920,#1921,#1922,#1923,#1924,#1925,#1926,#1927,#1928)) ;
#1958=EDGE_LOOP('',(#1959,#1960,#1961,#1962)) ;
#1980=EDGE_LOOP('',(#1981,#1982,#1983,#1984)) ;
#2007=EDGE_LOOP('',(#2008,#2009,#2010,#2011,#2012,#2013,#2014)) ;
#2027=EDGE_LOOP('',(#2028,#2029,#2030,#2031)) ;
#2049=EDGE_LOOP('',(#2050,#2051,#2052,#2053,#2054,#2055,#2056)) ;
#2069=EDGE_LOOP('',(#2070,#2071,#2072,#2073)) ;
#2081=EDGE_LOOP('',(#2082,#2083,#2084)) ;
#2092=EDGE_LOOP('',(#2093,#2094,#2095,#2096,#2097)) ;
#2110=EDGE_LOOP('',(#2111,#2112,#2113,#2114)) ;
#2117=EDGE_LOOP('',(#2118,#2119,#2120,#2121,#2122)) ;
#2135=EDGE_LOOP('',(#2136,#2137,#2138)) ;
#2141=EDGE_LOOP('',(#2142,#2143,#2144,#2145)) ;
#2163=EDGE_LOOP('',(#2164,#2165,#2166,#2167)) ;
#2170=EDGE_LOOP('',(#2171,#2172,#2173,#2174)) ;
#2192=EDGE_LOOP('',(#2193,#2194,#2195,#2196)) ;
#2199=EDGE_LOOP('',(#2200,#2201,#2202,#2203)) ;
#2221=EDGE_LOOP('',(#2222,#2223,#2224,#2225)) ;
#2228=EDGE_LOOP('',(#2229,#2230,#2231,#2232)) ;
#2250=EDGE_LOOP('',(#2251,#2252,#2253,#2254)) ;
#2257=EDGE_LOOP('',(#2258,#2259,#2260,#2261)) ;
#2274=EDGE_LOOP('',(#2275,#2276,#2277,#2278)) ;
#2300=EDGE_LOOP('',(#2301,#2302,#2303,#2304)) ;
#2317=EDGE_LOOP('',(#2318,#2319,#2320,#2321)) ;
#2348=EDGE_LOOP('',(#2349,#2350,#2351,#2352,#2353,#2354)) ;
#2367=EDGE_LOOP('',(#2368,#2369,#2370,#2371,#2372,#2373)) ;
#2381=EDGE_LOOP('',(#2382,#2383,#2384,#2385)) ;
#2393=EDGE_LOOP('',(#2394,#2395,#2396,#2397,#2398,#2399)) ;
#2426=EDGE_LOOP('',(#2427,#2428,#2429,#2430)) ;
#2438=EDGE_LOOP('',(#2439,#2440,#2441,#2442)) ;
#2445=EDGE_LOOP('',(#2446,#2447,#2448,#2449)) ;
#2457=EDGE_LOOP('',(#2458,#2459,#2460,#2461)) ;
#2488=EDGE_LOOP('',(#2489,#2490,#2491,#2492)) ;
#2500=EDGE_LOOP('',(#2501,#2502,#2503,#2504)) ;
#2531=EDGE_LOOP('',(#2532,#2533,#2534,#2535)) ;
#2543=EDGE_LOOP('',(#2544,#2545,#2546,#2547)) ;
#2574=EDGE_LOOP('',(#2575,#2576,#2577,#2578)) ;
#2586=EDGE_LOOP('',(#2587,#2588,#2589,#2590)) ;
#2617=EDGE_LOOP('',(#2618,#2619,#2620,#2621)) ;
#2629=EDGE_LOOP('',(#2630,#2631,#2632,#2633)) ;
#2636=EDGE_LOOP('',(#2637,#2638,#2639)) ;
#2642=EDGE_LOOP('',(#2643,#2644,#2645)) ;
#2653=EDGE_LOOP('',(#2654,#2655,#2656,#2657)) ;
#2665=EDGE_LOOP('',(#2666,#2667,#2668,#2669)) ;
#2672=EDGE_LOOP('',(#2673,#2674,#2675)) ;
#2725=EDGE_LOOP('',(#2726,#2727,#2728,#2729,#2730,#2731,#2732,#2733)) ;
#2749=EDGE_LOOP('',(#2750,#2751)) ;
#2759=EDGE_LOOP('',(#2760,#2761,#2762)) ;
#2775=EDGE_LOOP('',(#2776,#2777,#2778,#2779)) ;
#2794=EDGE_LOOP('',(#2795,#2796,#2797,#2798,#2799)) ;
#2814=EDGE_LOOP('',(#2815,#2816,#2817,#2818)) ;
#2834=EDGE_LOOP('',(#2835,#2836)) ;
#2849=EDGE_LOOP('',(#2850,#2851,#2852,#2853,#2854)) ;
#2862=EDGE_LOOP('',(#2863,#2864,#2865,#2866)) ;
#2869=EDGE_LOOP('',(#2870,#2871,#2872)) ;
#2899=EDGE_LOOP('',(#2900,#2901,#2902,#2903)) ;
#2911=EDGE_LOOP('',(#2912,#2913,#2914,#2915)) ;
#2942=EDGE_LOOP('',(#2943,#2944,#2945,#2946)) ;
#2954=EDGE_LOOP('',(#2955,#2956,#2957,#2958)) ;
#2961=EDGE_LOOP('',(#2962,#2963,#2964)) ;
#2967=EDGE_LOOP('',(#2968,#2969,#2970)) ;
#2997=EDGE_LOOP('',(#2998,#2999,#3000,#3001)) ;
#3009=EDGE_LOOP('',(#3010,#3011,#3012,#3013)) ;
#3040=EDGE_LOOP('',(#3041,#3042,#3043,#3044)) ;
#3052=EDGE_LOOP('',(#3053,#3054,#3055,#3056)) ;
#3059=EDGE_LOOP('',(#3060,#3061,#3062)) ;
#3089=EDGE_LOOP('',(#3090,#3091,#3092,#3093,#3094)) ;
#3102=EDGE_LOOP('',(#3103,#3104,#3105,#3106,#3107)) ;
#3115=EDGE_LOOP('',(#3116,#3117)) ;
#3133=EDGE_LOOP('',(#3134,#3135)) ;
#3143=EDGE_LOOP('',(#3144,#3145)) ;
#3161=EDGE_LOOP('',(#3162,#3163)) ;
#3166=EDGE_LOOP('',(#3167,#3168)) ;
#3184=EDGE_LOOP('',(#3185,#3186)) ;
#3189=EDGE_LOOP('',(#3190,#3191)) ;
#3207=EDGE_LOOP('',(#3208,#3209)) ;
#3212=EDGE_LOOP('',(#3213,#3214)) ;
#3230=EDGE_LOOP('',(#3231,#3232)) ;
#3240=EDGE_LOOP('',(#3241,#3242,#3243,#3244)) ;
#3262=EDGE_LOOP('',(#3263,#3264,#3265,#3266)) ;
#3269=EDGE_LOOP('',(#3270,#3271,#3272,#3273)) ;
#3276=EDGE_LOOP('',(#3277,#3278)) ;
#3294=EDGE_LOOP('',(#3295,#3296)) ;
#3299=EDGE_LOOP('',(#3300,#3301)) ;
#3317=EDGE_LOOP('',(#3318,#3319)) ;
#3322=EDGE_LOOP('',(#3323,#3324)) ;
#3340=EDGE_LOOP('',(#3341,#3342)) ;
#3345=EDGE_LOOP('',(#3346,#3347)) ;
#3363=EDGE_LOOP('',(#3364,#3365)) ;
#3382=EDGE_LOOP('',(#3383,#3384)) ;
#3386=EDGE_LOOP('',(#3387,#3388)) ;
#3406=EDGE_LOOP('',(#3407,#3408,#3409,#3410)) ;
#3413=EDGE_LOOP('',(#3414,#3415,#3416,#3417)) ;
#3435=EDGE_LOOP('',(#3436,#3437,#3438,#3439)) ;
#3442=EDGE_LOOP('',(#3443,#3444,#3445,#3446)) ;
#3464=EDGE_LOOP('',(#3465,#3466,#3467,#3468)) ;
#3471=EDGE_LOOP('',(#3472,#3473,#3474,#3475)) ;
#3493=EDGE_LOOP('',(#3494,#3495,#3496,#3497)) ;
#3500=EDGE_LOOP('',(#3501,#3502,#3503,#3504)) ;
#3522=EDGE_LOOP('',(#3523,#3524,#3525,#3526)) ;
#3529=EDGE_LOOP('',(#3530,#3531,#3532,#3533)) ;
#3541=EDGE_LOOP('',(#3542,#3543,#3544,#3545,#3546,#3547)) ;
#3549=EDGE_LOOP('',(#3550,#3551,#3552,#3553,#3554)) ;
#3561=EDGE_LOOP('',(#3562,#3563,#3564,#3565,#3566,#3567)) ;
#3580=EDGE_LOOP('',(#3581,#3582,#3583,#3584,#3585,#3586,#3587,#3588)) ;
#3596=EDGE_LOOP('',(#3597,#3598,#3599,#3600,#3601,#3602)) ;
#3604=EDGE_LOOP('',(#3605,#3606,#3607,#3608,#3609)) ;
#3611=EDGE_LOOP('',(#3612,#3613,#3614,#3615,#3616,#3617)) ;
#90=FACE_OUTER_BOUND('',#85,.T.) ;
#130=FACE_OUTER_BOUND('',#125,.T.) ;
#193=FACE_OUTER_BOUND('',#184,.T.) ;
#243=FACE_OUTER_BOUND('',#237,.T.) ;
#322=FACE_OUTER_BOUND('',#311,.T.) ;
#374=FACE_OUTER_BOUND('',#370,.T.) ;
#398=FACE_OUTER_BOUND('',#393,.T.) ;
#421=FACE_OUTER_BOUND('',#415,.T.) ;
#433=FACE_OUTER_BOUND('',#428,.T.) ;
#444=FACE_OUTER_BOUND('',#440,.T.) ;
#475=FACE_OUTER_BOUND('',#470,.T.) ;
#487=FACE_OUTER_BOUND('',#482,.T.) ;
#499=FACE_OUTER_BOUND('',#494,.T.) ;
#534=FACE_OUTER_BOUND('',#529,.T.) ;
#550=FACE_OUTER_BOUND('',#546,.T.) ;
#686=FACE_OUTER_BOUND('',#665,.T.) ;
#784=FACE_OUTER_BOUND('',#779,.T.) ;
#800=FACE_OUTER_BOUND('',#796,.T.) ;
#812=FACE_OUTER_BOUND('',#807,.T.) ;
#868=FACE_OUTER_BOUND('',#861,.T.) ;
#931=FACE_OUTER_BOUND('',#922,.T.) ;
#1035=FACE_OUTER_BOUND('',#1022,.T.) ;
#1193=FACE_OUTER_BOUND('',#1180,.T.) ;
#1374=FACE_OUTER_BOUND('',#1357,.T.) ;
#1396=FACE_OUTER_BOUND('',#1391,.T.) ;
#1447=FACE_OUTER_BOUND('',#1440,.T.) ;
#1524=FACE_OUTER_BOUND('',#1511,.T.) ;
#1725=FACE_OUTER_BOUND('',#1712,.T.) ;
#1792=FACE_OUTER_BOUND('',#1787,.T.) ;
#1929=FACE_OUTER_BOUND('',#1904,.T.) ;
#1985=FACE_OUTER_BOUND('',#1980,.T.) ;
#2015=FACE_OUTER_BOUND('',#2007,.T.) ;
#2032=FACE_OUTER_BOUND('',#2027,.T.) ;
#2057=FACE_OUTER_BOUND('',#2049,.T.) ;
#2074=FACE_OUTER_BOUND('',#2069,.T.) ;
#2085=FACE_OUTER_BOUND('',#2081,.T.) ;
#2098=FACE_OUTER_BOUND('',#2092,.T.) ;
#2115=FACE_OUTER_BOUND('',#2110,.T.) ;
#2123=FACE_OUTER_BOUND('',#2117,.T.) ;
#2139=FACE_OUTER_BOUND('',#2135,.T.) ;
#2146=FACE_OUTER_BOUND('',#2141,.T.) ;
#2168=FACE_OUTER_BOUND('',#2163,.T.) ;
#2175=FACE_OUTER_BOUND('',#2170,.T.) ;
#2197=FACE_OUTER_BOUND('',#2192,.T.) ;
#2204=FACE_OUTER_BOUND('',#2199,.T.) ;
#2226=FACE_OUTER_BOUND('',#2221,.T.) ;
#2233=FACE_OUTER_BOUND('',#2228,.T.) ;
#2255=FACE_OUTER_BOUND('',#2250,.T.) ;
#2262=FACE_OUTER_BOUND('',#2257,.T.) ;
#2279=FACE_OUTER_BOUND('',#2274,.T.) ;
#2305=FACE_OUTER_BOUND('',#2300,.T.) ;
#2322=FACE_OUTER_BOUND('',#2317,.T.) ;
#2355=FACE_OUTER_BOUND('',#2348,.T.) ;
#2374=FACE_OUTER_BOUND('',#2367,.T.) ;
#2386=FACE_OUTER_BOUND('',#2381,.T.) ;
#2400=FACE_OUTER_BOUND('',#2393,.T.) ;
#2431=FACE_OUTER_BOUND('',#2426,.T.) ;
#2443=FACE_OUTER_BOUND('',#2438,.T.) ;
#2450=FACE_OUTER_BOUND('',#2445,.T.) ;
#2462=FACE_OUTER_BOUND('',#2457,.T.) ;
#2493=FACE_OUTER_BOUND('',#2488,.T.) ;
#2505=FACE_OUTER_BOUND('',#2500,.T.) ;
#2536=FACE_OUTER_BOUND('',#2531,.T.) ;
#2548=FACE_OUTER_BOUND('',#2543,.T.) ;
#2579=FACE_OUTER_BOUND('',#2574,.T.) ;
#2591=FACE_OUTER_BOUND('',#2586,.T.) ;
#2622=FACE_OUTER_BOUND('',#2617,.T.) ;
#2634=FACE_OUTER_BOUND('',#2629,.T.) ;
#2640=FACE_OUTER_BOUND('',#2636,.T.) ;
#2646=FACE_OUTER_BOUND('',#2642,.T.) ;
#2658=FACE_OUTER_BOUND('',#2653,.T.) ;
#2670=FACE_OUTER_BOUND('',#2665,.T.) ;
#2676=FACE_OUTER_BOUND('',#2672,.T.) ;
#2734=FACE_OUTER_BOUND('',#2725,.T.) ;
#2763=FACE_OUTER_BOUND('',#2759,.T.) ;
#2780=FACE_OUTER_BOUND('',#2775,.T.) ;
#2800=FACE_OUTER_BOUND('',#2794,.T.) ;
#2819=FACE_OUTER_BOUND('',#2814,.T.) ;
#2855=FACE_OUTER_BOUND('',#2849,.T.) ;
#2867=FACE_OUTER_BOUND('',#2862,.T.) ;
#2873=FACE_OUTER_BOUND('',#2869,.T.) ;
#2904=FACE_OUTER_BOUND('',#2899,.T.) ;
#2916=FACE_OUTER_BOUND('',#2911,.T.) ;
#2947=FACE_OUTER_BOUND('',#2942,.T.) ;
#2959=FACE_OUTER_BOUND('',#2954,.T.) ;
#2965=FACE_OUTER_BOUND('',#2961,.T.) ;
#2971=FACE_OUTER_BOUND('',#2967,.T.) ;
#3002=FACE_OUTER_BOUND('',#2997,.T.) ;
#3014=FACE_OUTER_BOUND('',#3009,.T.) ;
#3045=FACE_OUTER_BOUND('',#3040,.T.) ;
#3057=FACE_OUTER_BOUND('',#3052,.T.) ;
#3063=FACE_OUTER_BOUND('',#3059,.T.) ;
#3095=FACE_OUTER_BOUND('',#3089,.T.) ;
#3108=FACE_OUTER_BOUND('',#3102,.T.) ;
#3118=FACE_OUTER_BOUND('',#3115,.T.) ;
#3146=FACE_OUTER_BOUND('',#3143,.T.) ;
#3169=FACE_OUTER_BOUND('',#3166,.T.) ;
#3192=FACE_OUTER_BOUND('',#3189,.T.) ;
#3215=FACE_OUTER_BOUND('',#3212,.T.) ;
#3245=FACE_OUTER_BOUND('',#3240,.T.) ;
#3267=FACE_OUTER_BOUND('',#3262,.T.) ;
#3274=FACE_OUTER_BOUND('',#3269,.T.) ;
#3279=FACE_OUTER_BOUND('',#3276,.T.) ;
#3302=FACE_OUTER_BOUND('',#3299,.T.) ;
#3325=FACE_OUTER_BOUND('',#3322,.T.) ;
#3348=FACE_OUTER_BOUND('',#3345,.T.) ;
#3385=FACE_OUTER_BOUND('',#3382,.T.) ;
#3411=FACE_OUTER_BOUND('',#3406,.T.) ;
#3418=FACE_OUTER_BOUND('',#3413,.T.) ;
#3440=FACE_OUTER_BOUND('',#3435,.T.) ;
#3447=FACE_OUTER_BOUND('',#3442,.T.) ;
#3469=FACE_OUTER_BOUND('',#3464,.T.) ;
#3476=FACE_OUTER_BOUND('',#3471,.T.) ;
#3498=FACE_OUTER_BOUND('',#3493,.T.) ;
#3505=FACE_OUTER_BOUND('',#3500,.T.) ;
#3527=FACE_OUTER_BOUND('',#3522,.T.) ;
#3534=FACE_OUTER_BOUND('',#3529,.T.) ;
#3548=FACE_OUTER_BOUND('',#3541,.T.) ;
#3589=FACE_OUTER_BOUND('',#3580,.T.) ;
#3603=FACE_OUTER_BOUND('',#3596,.T.) ;
#45=UNCERTAINTY_MEASURE_WITH_UNIT(LENGTH_MEASURE(0.005),#41,'distance_accuracy_value','CONFUSED CURVE UNCERTAINTY') ;
#60=LINE('Line',#57,#59) ;
#69=LINE('Line',#66,#68) ;
#76=LINE('Line',#73,#75) ;
#83=LINE('Line',#80,#82) ;
#100=LINE('Line',#97,#99) ;
#109=LINE('Line',#106,#108) ;
#116=LINE('Line',#113,#115) ;
#123=LINE('Line',#120,#122) ;
#140=LINE('Line',#137,#139) ;
#147=LINE('Line',#144,#146) ;
#154=LINE('Line',#151,#153) ;
#161=LINE('Line',#158,#160) ;
#168=LINE('Line',#165,#167) ;
#175=LINE('Line',#172,#174) ;
#182=LINE('Line',#179,#181) ;
#221=LINE('Line',#218,#220) ;
#228=LINE('Line',#225,#227) ;
#235=LINE('Line',#232,#234) ;
#253=LINE('Line',#250,#252) ;
#260=LINE('Line',#257,#259) ;
#267=LINE('Line',#264,#266) ;
#274=LINE('Line',#271,#273) ;
#281=LINE('Line',#278,#280) ;
#288=LINE('Line',#285,#287) ;
#295=LINE('Line',#292,#294) ;
#302=LINE('Line',#299,#301) ;
#309=LINE('Line',#306,#308) ;
#326=LINE('Line',#323,#325) ;
#333=LINE('Line',#330,#332) ;
#340=LINE('Line',#337,#339) ;
#347=LINE('Line',#344,#346) ;
#352=LINE('Line',#349,#351) ;
#384=LINE('Line',#381,#383) ;
#391=LINE('Line',#388,#390) ;
#408=LINE('Line',#405,#407) ;
#413=LINE('Line',#410,#412) ;
#426=LINE('Line',#423,#425) ;
#454=LINE('Line',#451,#453) ;
#468=LINE('Line',#465,#467) ;
#513=LINE('Line',#510,#512) ;
#520=LINE('Line',#517,#519) ;
#527=LINE('Line',#524,#526) ;
#544=LINE('Line',#541,#543) ;
#560=LINE('Line',#557,#559) ;
#569=LINE('Line',#566,#568) ;
#576=LINE('Line',#573,#575) ;
#583=LINE('Line',#580,#582) ;
#590=LINE('Line',#587,#589) ;
#597=LINE('Line',#594,#596) ;
#604=LINE('Line',#601,#603) ;
#611=LINE('Line',#608,#610) ;
#618=LINE('Line',#615,#617) ;
#623=LINE('Line',#620,#622) ;
#630=LINE('Line',#627,#629) ;
#637=LINE('Line',#634,#636) ;
#642=LINE('Line',#639,#641) ;
#649=LINE('Line',#646,#648) ;
#656=LINE('Line',#653,#655) ;
#663=LINE('Line',#660,#662) ;
#763=LINE('Line',#760,#762) ;
#770=LINE('Line',#767,#769) ;
#777=LINE('Line',#774,#776) ;
#794=LINE('Line',#791,#793) ;
#805=LINE('Line',#802,#804) ;
#822=LINE('Line',#819,#821) ;
#831=LINE('Line',#828,#830) ;
#838=LINE('Line',#835,#837) ;
#845=LINE('Line',#842,#844) ;
#852=LINE('Line',#849,#851) ;
#859=LINE('Line',#856,#858) ;
#878=LINE('Line',#875,#877) ;
#887=LINE('Line',#884,#886) ;
#892=LINE('Line',#889,#891) ;
#899=LINE('Line',#896,#898) ;
#906=LINE('Line',#903,#905) ;
#913=LINE('Line',#910,#912) ;
#920=LINE('Line',#917,#919) ;
#959=LINE('Line',#956,#958) ;
#966=LINE('Line',#963,#965) ;
#973=LINE('Line',#970,#972) ;
#980=LINE('Line',#977,#979) ;
#987=LINE('Line',#984,#986) ;
#994=LINE('Line',#991,#993) ;
#1001=LINE('Line',#998,#1000) ;
#1006=LINE('Line',#1003,#1005) ;
#1013=LINE('Line',#1010,#1012) ;
#1020=LINE('Line',#1017,#1019) ;
#1117=LINE('Line',#1114,#1116) ;
#1124=LINE('Line',#1121,#1123) ;
#1131=LINE('Line',#1128,#1130) ;
#1136=LINE('Line',#1133,#1135) ;
#1143=LINE('Line',#1140,#1142) ;
#1150=LINE('Line',#1147,#1149) ;
#1157=LINE('Line',#1154,#1156) ;
#1164=LINE('Line',#1161,#1163) ;
#1171=LINE('Line',#1168,#1170) ;
#1178=LINE('Line',#1175,#1177) ;
#1275=LINE('Line',#1272,#1274) ;
#1284=LINE('Line',#1281,#1283) ;
#1291=LINE('Line',#1288,#1290) ;
#1298=LINE('Line',#1295,#1297) ;
#1303=LINE('Line',#1300,#1302) ;
#1308=LINE('Line',#1305,#1307) ;
#1313=LINE('Line',#1310,#1312) ;
#1320=LINE('Line',#1317,#1319) ;
#1327=LINE('Line',#1324,#1326) ;
#1334=LINE('Line',#1331,#1333) ;
#1341=LINE('Line',#1338,#1340) ;
#1348=LINE('Line',#1345,#1347) ;
#1355=LINE('Line',#1352,#1354) ;
#1384=LINE('Line',#1381,#1383) ;
#1389=LINE('Line',#1386,#1388) ;
#1401=LINE('Line',#1398,#1400) ;
#1410=LINE('Line',#1407,#1409) ;
#1417=LINE('Line',#1414,#1416) ;
#1424=LINE('Line',#1421,#1423) ;
#1431=LINE('Line',#1428,#1430) ;
#1438=LINE('Line',#1435,#1437) ;
#1457=LINE('Line',#1454,#1456) ;
#1462=LINE('Line',#1459,#1461) ;
#1469=LINE('Line',#1466,#1468) ;
#1476=LINE('Line',#1473,#1475) ;
#1483=LINE('Line',#1480,#1482) ;
#1490=LINE('Line',#1487,#1489) ;
#1497=LINE('Line',#1494,#1496) ;
#1504=LINE('Line',#1501,#1503) ;
#1509=LINE('Line',#1506,#1508) ;
#1528=LINE('Line',#1525,#1527) ;
#1537=LINE('Line',#1534,#1536) ;
#1544=LINE('Line',#1541,#1543) ;
#1551=LINE('Line',#1548,#1550) ;
#1558=LINE('Line',#1555,#1557) ;
#1565=LINE('Line',#1562,#1564) ;
#1572=LINE('Line',#1569,#1571) ;
#1579=LINE('Line',#1576,#1578) ;
#1631=LINE('Line',#1628,#1630) ;
#1640=LINE('Line',#1637,#1639) ;
#1647=LINE('Line',#1644,#1646) ;
#1654=LINE('Line',#1651,#1653) ;
#1661=LINE('Line',#1658,#1660) ;
#1668=LINE('Line',#1665,#1667) ;
#1675=LINE('Line',#1672,#1674) ;
#1682=LINE('Line',#1679,#1681) ;
#1689=LINE('Line',#1686,#1688) ;
#1696=LINE('Line',#1693,#1695) ;
#1703=LINE('Line',#1700,#1702) ;
#1710=LINE('Line',#1707,#1709) ;
#1771=LINE('Line',#1768,#1770) ;
#1778=LINE('Line',#1775,#1777) ;
#1785=LINE('Line',#1782,#1784) ;
#1802=LINE('Line',#1799,#1801) ;
#1807=LINE('Line',#1804,#1806) ;
#1814=LINE('Line',#1811,#1813) ;
#1821=LINE('Line',#1818,#1820) ;
#1828=LINE('Line',#1825,#1827) ;
#1835=LINE('Line',#1832,#1834) ;
#1842=LINE('Line',#1839,#1841) ;
#1849=LINE('Line',#1846,#1848) ;
#1854=LINE('Line',#1851,#1853) ;
#1861=LINE('Line',#1858,#1860) ;
#1868=LINE('Line',#1865,#1867) ;
#1873=LINE('Line',#1870,#1872) ;
#1878=LINE('Line',#1875,#1877) ;
#1885=LINE('Line',#1882,#1884) ;
#1892=LINE('Line',#1889,#1891) ;
#1897=LINE('Line',#1894,#1896) ;
#1902=LINE('Line',#1899,#1901) ;
#1973=LINE('Line',#1970,#1972) ;
#1978=LINE('Line',#1975,#1977) ;
#1995=LINE('Line',#1992,#1994) ;
#2000=LINE('Line',#1997,#1999) ;
#2005=LINE('Line',#2002,#2004) ;
#2025=LINE('Line',#2022,#2024) ;
#2042=LINE('Line',#2039,#2041) ;
#2047=LINE('Line',#2044,#2046) ;
#2067=LINE('Line',#2064,#2066) ;
#2090=LINE('Line',#2087,#2089) ;
#2108=LINE('Line',#2105,#2107) ;
#2133=LINE('Line',#2130,#2132) ;
#2156=LINE('Line',#2153,#2155) ;
#2161=LINE('Line',#2158,#2160) ;
#2185=LINE('Line',#2182,#2184) ;
#2190=LINE('Line',#2187,#2189) ;
#2214=LINE('Line',#2211,#2213) ;
#2219=LINE('Line',#2216,#2218) ;
#2243=LINE('Line',#2240,#2242) ;
#2248=LINE('Line',#2245,#2247) ;
#2267=LINE('Line',#2264,#2266) ;
#2272=LINE('Line',#2269,#2271) ;
#2284=LINE('Line',#2281,#2283) ;
#2293=LINE('Line',#2290,#2292) ;
#2298=LINE('Line',#2295,#2297) ;
#2310=LINE('Line',#2307,#2309) ;
#2315=LINE('Line',#2312,#2314) ;
#2327=LINE('Line',#2324,#2326) ;
#2334=LINE('Line',#2331,#2333) ;
#2339=LINE('Line',#2336,#2338) ;
#2346=LINE('Line',#2343,#2345) ;
#2360=LINE('Line',#2357,#2359) ;
#2365=LINE('Line',#2362,#2364) ;
#2379=LINE('Line',#2376,#2378) ;
#2391=LINE('Line',#2388,#2390) ;
#2410=LINE('Line',#2407,#2409) ;
#2417=LINE('Line',#2414,#2416) ;
#2472=LINE('Line',#2469,#2471) ;
#2479=LINE('Line',#2476,#2478) ;
#2515=LINE('Line',#2512,#2514) ;
#2522=LINE('Line',#2519,#2521) ;
#2558=LINE('Line',#2555,#2557) ;
#2565=LINE('Line',#2562,#2564) ;
#2601=LINE('Line',#2598,#2600) ;
#2608=LINE('Line',#2605,#2607) ;
#2651=LINE('Line',#2648,#2650) ;
#2663=LINE('Line',#2660,#2662) ;
#2681=LINE('Line',#2678,#2680) ;
#2688=LINE('Line',#2685,#2687) ;
#2695=LINE('Line',#2692,#2694) ;
#2702=LINE('Line',#2699,#2701) ;
#2709=LINE('Line',#2706,#2708) ;
#2716=LINE('Line',#2713,#2715) ;
#2723=LINE('Line',#2720,#2722) ;
#2757=LINE('Line',#2754,#2756) ;
#2773=LINE('Line',#2770,#2772) ;
#2785=LINE('Line',#2782,#2784) ;
#2792=LINE('Line',#2789,#2791) ;
#2805=LINE('Line',#2802,#2804) ;
#2812=LINE('Line',#2809,#2811) ;
#2842=LINE('Line',#2839,#2841) ;
#2847=LINE('Line',#2844,#2846) ;
#2860=LINE('Line',#2857,#2859) ;
#2883=LINE('Line',#2880,#2882) ;
#2897=LINE('Line',#2894,#2896) ;
#2926=LINE('Line',#2923,#2925) ;
#2940=LINE('Line',#2937,#2939) ;
#2981=LINE('Line',#2978,#2980) ;
#2995=LINE('Line',#2992,#2994) ;
#3024=LINE('Line',#3021,#3023) ;
#3038=LINE('Line',#3035,#3037) ;
#3073=LINE('Line',#3070,#3072) ;
#3087=LINE('Line',#3084,#3086) ;
#3255=LINE('Line',#3252,#3254) ;
#3260=LINE('Line',#3257,#3259) ;
#3399=LINE('Line',#3396,#3398) ;
#3404=LINE('Line',#3401,#3403) ;
#3428=LINE('Line',#3425,#3427) ;
#3433=LINE('Line',#3430,#3432) ;
#3457=LINE('Line',#3454,#3456) ;
#3462=LINE('Line',#3459,#3461) ;
#3486=LINE('Line',#3483,#3485) ;
#3491=LINE('Line',#3488,#3490) ;
#3515=LINE('Line',#3512,#3514) ;
#3520=LINE('Line',#3517,#3519) ;
#3559=LINE('Line',#3556,#3558) ;
#3578=LINE('Line',#3575,#3577) ;
#2=MECHANICAL_CONTEXT(' ',#1,'mechanical') ;
#24=PERSONAL_ADDRESS(' ',' ',' ',' ',' ',' ',' ',' ',' ',' ',' ',' ',(#22),' ') ;
#56=PLANE('',#55) ;
#96=PLANE('',#95) ;
#136=PLANE('',#135) ;
#217=PLANE('',#216) ;
#249=PLANE('',#248) ;
#369=PLANE('',#368) ;
#380=PLANE('',#379) ;
#404=PLANE('',#403) ;
#439=PLANE('',#438) ;
#493=PLANE('',#492) ;
#509=PLANE('',#508) ;
#540=PLANE('',#539) ;
#556=PLANE('',#555) ;
#790=PLANE('',#789) ;
#818=PLANE('',#817) ;
#874=PLANE('',#873) ;
#955=PLANE('',#954) ;
#1113=PLANE('',#1112) ;
#1271=PLANE('',#1270) ;
#1380=PLANE('',#1379) ;
#1453=PLANE('',#1452) ;
#1767=PLANE('',#1766) ;
#1798=PLANE('',#1797) ;
#1969=PLANE('',#1968) ;
#1991=PLANE('',#1990) ;
#2021=PLANE('',#2020) ;
#2038=PLANE('',#2037) ;
#2063=PLANE('',#2062) ;
#2080=PLANE('',#2079) ;
#2104=PLANE('',#2103) ;
#2129=PLANE('',#2128) ;
#2456=PLANE('',#2455) ;
#2769=PLANE('',#2768) ;
#3114=PLANE('',#3113) ;
#3142=PLANE('',#3141) ;
#3239=PLANE('',#3238) ;
#3540=PLANE('',#3539) ;
#3574=PLANE('',#3573) ;
#3595=PLANE('',#3594) ;
#43=PLANE_ANGLE_MEASURE_WITH_UNIT(PLANE_ANGLE_MEASURE(0.0174532925199),#42) ;
#7=PRODUCT_CATEGORY('part',$) ;
#9=PRODUCT_CATEGORY_RELATIONSHIP(' ',' ',#7,#8) ;
#6=PRODUCT_DEFINITION_FORMATION_WITH_SPECIFIED_SOURCE('',' ',#5,.NOT_KNOWN.) ;
#8=PRODUCT_RELATED_PRODUCT_CATEGORY('detail',$,(#5)) ;
#50=SHAPE_DEFINITION_REPRESENTATION(#40,#49) ;
#62=VERTEX_POINT('',#61) ;
#64=VERTEX_POINT('',#63) ;
#71=VERTEX_POINT('',#70) ;
#78=VERTEX_POINT('',#77) ;
#102=VERTEX_POINT('',#101) ;
#104=VERTEX_POINT('',#103) ;
#111=VERTEX_POINT('',#110) ;
#118=VERTEX_POINT('',#117) ;
#142=VERTEX_POINT('',#141) ;
#149=VERTEX_POINT('',#148) ;
#156=VERTEX_POINT('',#155) ;
#163=VERTEX_POINT('',#162) ;
#170=VERTEX_POINT('',#169) ;
#177=VERTEX_POINT('',#176) ;
#199=VERTEX_POINT('',#198) ;
#201=VERTEX_POINT('',#200) ;
#223=VERTEX_POINT('',#222) ;
#230=VERTEX_POINT('',#229) ;
#255=VERTEX_POINT('',#254) ;
#262=VERTEX_POINT('',#261) ;
#269=VERTEX_POINT('',#268) ;
#276=VERTEX_POINT('',#275) ;
#283=VERTEX_POINT('',#282) ;
#290=VERTEX_POINT('',#289) ;
#297=VERTEX_POINT('',#296) ;
#304=VERTEX_POINT('',#303) ;
#328=VERTEX_POINT('',#327) ;
#335=VERTEX_POINT('',#334) ;
#342=VERTEX_POINT('',#341) ;
#386=VERTEX_POINT('',#385) ;
#456=VERTEX_POINT('',#455) ;
#463=VERTEX_POINT('',#462) ;
#515=VERTEX_POINT('',#514) ;
#522=VERTEX_POINT('',#521) ;
#562=VERTEX_POINT('',#561) ;
#564=VERTEX_POINT('',#563) ;
#571=VERTEX_POINT('',#570) ;
#578=VERTEX_POINT('',#577) ;
#585=VERTEX_POINT('',#584) ;
#592=VERTEX_POINT('',#591) ;
#599=VERTEX_POINT('',#598) ;
#606=VERTEX_POINT('',#605) ;
#613=VERTEX_POINT('',#612) ;
#625=VERTEX_POINT('',#624) ;
#632=VERTEX_POINT('',#631) ;
#644=VERTEX_POINT('',#643) ;
#651=VERTEX_POINT('',#650) ;
#658=VERTEX_POINT('',#657) ;
#692=VERTEX_POINT('',#691) ;
#694=VERTEX_POINT('',#693) ;
#710=VERTEX_POINT('',#709) ;
#712=VERTEX_POINT('',#711) ;
#728=VERTEX_POINT('',#727) ;
#730=VERTEX_POINT('',#729) ;
#746=VERTEX_POINT('',#745) ;
#748=VERTEX_POINT('',#747) ;
#765=VERTEX_POINT('',#764) ;
#772=VERTEX_POINT('',#771) ;
#824=VERTEX_POINT('',#823) ;
#826=VERTEX_POINT('',#825) ;
#833=VERTEX_POINT('',#832) ;
#840=VERTEX_POINT('',#839) ;
#847=VERTEX_POINT('',#846) ;
#854=VERTEX_POINT('',#853) ;
#880=VERTEX_POINT('',#879) ;
#882=VERTEX_POINT('',#881) ;
#894=VERTEX_POINT('',#893) ;
#901=VERTEX_POINT('',#900) ;
#908=VERTEX_POINT('',#907) ;
#915=VERTEX_POINT('',#914) ;
#937=VERTEX_POINT('',#936) ;
#939=VERTEX_POINT('',#938) ;
#961=VERTEX_POINT('',#960) ;
#968=VERTEX_POINT('',#967) ;
#975=VERTEX_POINT('',#974) ;
#982=VERTEX_POINT('',#981) ;
#989=VERTEX_POINT('',#988) ;
#996=VERTEX_POINT('',#995) ;
#1008=VERTEX_POINT('',#1007) ;
#1015=VERTEX_POINT('',#1014) ;
#1041=VERTEX_POINT('',#1040) ;
#1043=VERTEX_POINT('',#1042) ;
#1059=VERTEX_POINT('',#1058) ;
#1061=VERTEX_POINT('',#1060) ;
#1077=VERTEX_POINT('',#1076) ;
#1079=VERTEX_POINT('',#1078) ;
#1095=VERTEX_POINT('',#1094) ;
#1097=VERTEX_POINT('',#1096) ;
#1119=VERTEX_POINT('',#1118) ;
#1126=VERTEX_POINT('',#1125) ;
#1138=VERTEX_POINT('',#1137) ;
#1145=VERTEX_POINT('',#1144) ;
#1152=VERTEX_POINT('',#1151) ;
#1159=VERTEX_POINT('',#1158) ;
#1166=VERTEX_POINT('',#1165) ;
#1173=VERTEX_POINT('',#1172) ;
#1199=VERTEX_POINT('',#1198) ;
#1201=VERTEX_POINT('',#1200) ;
#1217=VERTEX_POINT('',#1216) ;
#1219=VERTEX_POINT('',#1218) ;
#1235=VERTEX_POINT('',#1234) ;
#1237=VERTEX_POINT('',#1236) ;
#1253=VERTEX_POINT('',#1252) ;
#1255=VERTEX_POINT('',#1254) ;
#1277=VERTEX_POINT('',#1276) ;
#1279=VERTEX_POINT('',#1278) ;
#1286=VERTEX_POINT('',#1285) ;
#1293=VERTEX_POINT('',#1292) ;
#1315=VERTEX_POINT('',#1314) ;
#1322=VERTEX_POINT('',#1321) ;
#1329=VERTEX_POINT('',#1328) ;
#1336=VERTEX_POINT('',#1335) ;
#1343=VERTEX_POINT('',#1342) ;
#1350=VERTEX_POINT('',#1349) ;
#1403=VERTEX_POINT('',#1402) ;
#1405=VERTEX_POINT('',#1404) ;
#1412=VERTEX_POINT('',#1411) ;
#1419=VERTEX_POINT('',#1418) ;
#1426=VERTEX_POINT('',#1425) ;
#1433=VERTEX_POINT('',#1432) ;
#1464=VERTEX_POINT('',#1463) ;
#1471=VERTEX_POINT('',#1470) ;
#1478=VERTEX_POINT('',#1477) ;
#1485=VERTEX_POINT('',#1484) ;
#1492=VERTEX_POINT('',#1491) ;
#1499=VERTEX_POINT('',#1498) ;
#1530=VERTEX_POINT('',#1529) ;
#1532=VERTEX_POINT('',#1531) ;
#1539=VERTEX_POINT('',#1538) ;
#1546=VERTEX_POINT('',#1545) ;
#1553=VERTEX_POINT('',#1552) ;
#1560=VERTEX_POINT('',#1559) ;
#1567=VERTEX_POINT('',#1566) ;
#1574=VERTEX_POINT('',#1573) ;
#1596=VERTEX_POINT('',#1595) ;
#1598=VERTEX_POINT('',#1597) ;
#1614=VERTEX_POINT('',#1613) ;
#1616=VERTEX_POINT('',#1615) ;
#1633=VERTEX_POINT('',#1632) ;
#1635=VERTEX_POINT('',#1634) ;
#1642=VERTEX_POINT('',#1641) ;
#1649=VERTEX_POINT('',#1648) ;
#1656=VERTEX_POINT('',#1655) ;
#1663=VERTEX_POINT('',#1662) ;
#1670=VERTEX_POINT('',#1669) ;
#1677=VERTEX_POINT('',#1676) ;
#1684=VERTEX_POINT('',#1683) ;
#1691=VERTEX_POINT('',#1690) ;
#1698=VERTEX_POINT('',#1697) ;
#1705=VERTEX_POINT('',#1704) ;
#1731=VERTEX_POINT('',#1730) ;
#1733=VERTEX_POINT('',#1732) ;
#1749=VERTEX_POINT('',#1748) ;
#1751=VERTEX_POINT('',#1750) ;
#1773=VERTEX_POINT('',#1772) ;
#1780=VERTEX_POINT('',#1779) ;
#1809=VERTEX_POINT('',#1808) ;
#1816=VERTEX_POINT('',#1815) ;
#1823=VERTEX_POINT('',#1822) ;
#1830=VERTEX_POINT('',#1829) ;
#1837=VERTEX_POINT('',#1836) ;
#1844=VERTEX_POINT('',#1843) ;
#1856=VERTEX_POINT('',#1855) ;
#1863=VERTEX_POINT('',#1862) ;
#1880=VERTEX_POINT('',#1879) ;
#1887=VERTEX_POINT('',#1886) ;
#1935=VERTEX_POINT('',#1934) ;
#1937=VERTEX_POINT('',#1936) ;
#1944=VERTEX_POINT('',#1943) ;
#1951=VERTEX_POINT('',#1950) ;
#2286=VERTEX_POINT('',#2285) ;
#2288=VERTEX_POINT('',#2287) ;
#2329=VERTEX_POINT('',#2328) ;
#2341=VERTEX_POINT('',#2340) ;
#2412=VERTEX_POINT('',#2411) ;
#2419=VERTEX_POINT('',#2418) ;
#2474=VERTEX_POINT('',#2473) ;
#2481=VERTEX_POINT('',#2480) ;
#2517=VERTEX_POINT('',#2516) ;
#2524=VERTEX_POINT('',#2523) ;
#2560=VERTEX_POINT('',#2559) ;
#2567=VERTEX_POINT('',#2566) ;
#2603=VERTEX_POINT('',#2602) ;
#2610=VERTEX_POINT('',#2609) ;
#2683=VERTEX_POINT('',#2682) ;
#2690=VERTEX_POINT('',#2689) ;
#2697=VERTEX_POINT('',#2696) ;
#2704=VERTEX_POINT('',#2703) ;
#2711=VERTEX_POINT('',#2710) ;
#2718=VERTEX_POINT('',#2717) ;
#2740=VERTEX_POINT('',#2739) ;
#2742=VERTEX_POINT('',#2741) ;
#2787=VERTEX_POINT('',#2786) ;
#2807=VERTEX_POINT('',#2806) ;
#2825=VERTEX_POINT('',#2824) ;
#2827=VERTEX_POINT('',#2826) ;
#2885=VERTEX_POINT('',#2884) ;
#2892=VERTEX_POINT('',#2891) ;
#2928=VERTEX_POINT('',#2927) ;
#2935=VERTEX_POINT('',#2934) ;
#2983=VERTEX_POINT('',#2982) ;
#2990=VERTEX_POINT('',#2989) ;
#3026=VERTEX_POINT('',#3025) ;
#3033=VERTEX_POINT('',#3032) ;
#3075=VERTEX_POINT('',#3074) ;
#3082=VERTEX_POINT('',#3081) ;
#3124=VERTEX_POINT('',#3123) ;
#3126=VERTEX_POINT('',#3125) ;
#3152=VERTEX_POINT('',#3151) ;
#3154=VERTEX_POINT('',#3153) ;
#3175=VERTEX_POINT('',#3174) ;
#3177=VERTEX_POINT('',#3176) ;
#3198=VERTEX_POINT('',#3197) ;
#3200=VERTEX_POINT('',#3199) ;
#3221=VERTEX_POINT('',#3220) ;
#3223=VERTEX_POINT('',#3222) ;
#3285=VERTEX_POINT('',#3284) ;
#3287=VERTEX_POINT('',#3286) ;
#3308=VERTEX_POINT('',#3307) ;
#3310=VERTEX_POINT('',#3309) ;
#3331=VERTEX_POINT('',#3330) ;
#3333=VERTEX_POINT('',#3332) ;
#3354=VERTEX_POINT('',#3353) ;
#3356=VERTEX_POINT('',#3355) ;
#3373=VERTEX_POINT('',#3372) ;
#3375=VERTEX_POINT('',#3374) ;
#41=(LENGTH_UNIT()NAMED_UNIT(*)SI_UNIT(.MILLI.,.METRE.)) ;
#42=(NAMED_UNIT(*)PLANE_ANGLE_UNIT()SI_UNIT($,.RADIAN.)) ;
#44=(NAMED_UNIT(*)SI_UNIT($,.STERADIAN.)SOLID_ANGLE_UNIT()) ;
#46=(GEOMETRIC_REPRESENTATION_CONTEXT(3)GLOBAL_UNCERTAINTY_ASSIGNED_CONTEXT((#45))GLOBAL_UNIT_ASSIGNED_CONTEXT((#41,#42,#44))REPRESENTATION_CONTEXT(' ',' ')) ;
ENDSEC;
END-ISO-10303-21;
